0.01,Therapeutic ultrasound of vessels of head and neck 
0.02,Therapeutic ultrasound of heart 
0.03,Therapeutic ultrasound of peripheral vascular vessels 
0.07,Other hip procedures 
0.08,Other knee and hip procedures 
0.09,Other therapeutic ultrasound 
0.1,Implantation of chemotherapeutic agent 
0.11,Infusion of drotrecogin alfa (activated) 
0.12,Administration of inhaled nitric oxide 
0.13,Injection or infusion of nesiritide 
0.14,Injection or infusion of oxazolidinone class of antibiotics 
0.15,High-dose infusion interleukin-2 [IL-2] 
0.16,Pressurized treatment of venous bypass graft [conduit] with pharmaceutical substance 
0.17,Infusion of vasopressor agent 
0.18,Infusion of immunosuppressive antibody therapy during induction phase of solid organ transplan 
0.19,Disruption of blood brain barrier via infusion (bbbd) 
0.21,Intravascular imaging of extracranial cerebral vessels 
0.22,Intravascular imaging of intrathoracic vessels 
0.23,Intravascular imaging of peripheral vessels 
0.24,Intravascular imaging of coronary vessels 
0.25,Intravascular imaging of renal vessels 
0.28,"Intravascular imaging, other specified vessel(s) "
0.29,"Intravascular imaging, unspecified vessel(s) "
0.31,Computer assisted surgery with CT/CTA 
0.32,Computer assisted surgery with MR/MRA 
0.33,Computer assisted surgery with fluoroscopy 
0.34,Imageless computer assisted surgery 
0.35,Computer assisted surgery with multiple datasets 
0.39,Other computer assisted surgery 
0.4,"Adjunct vascular system procedures, Procedure on single vessel "
0.41,"Adjunct vascular system procedures, procedure on two vessels "
0.42,"Adjunct vascular system procedures,Prosedure on three vessels "
0.43,"Adjunct vascular system procedures,Procedure on four or more vessels "
0.44,"Adjunct vascular system procedures,Procedure on vessel bifurcation "
0.45,"Adjunct vascular system procedures,Insertion of one vascular stent "
0.46,"Adjunct vascular system procedures, Insertion of two vascular stents "
0.47,"Adjunct vascular system procedures,Insertion of three vascular stents "
0.48,"Adjunct vascular system procedures,Insertion of four or more vascular stents "
0.49,SuperSaturated oxygen therapy 
0.5,"Implantation of cardiac resynchronization pacemaker without mention of defibrillation, total s "
0.51,"Implantation of cardiac resynchronization defibrillator, total system [CRT-D] "
0.52,Implantation or replacement of transvenous lead [electrode] into left ventricular coronary ven 
0.53,Implantation or replacement of cardiac resynchronization pacemaker pulse generator only [CRT-P 
0.54,Implantation or replacement of cardiac resynchronization defibrillator pulse generator device 
0.55,Insertion of drug-eluting peripheral vessel stent(s) 
0.56,Insertion or replacement of implantable pressure sensor (lead) for intracardiac hemodynamic mo 
0.57,Implantation or replacement of subcutaneous device for intracardiac hemodynamic monitoring 
0.58,Insertion of intra-aneurysm sac pressure monitoring device (intraoperative) 
0.59,Intravascular pressure measurement o coronary arteries 
0.61,Percutaneous angioplasty or atherectomy of precerebral (extracranial) vessel(s) 
0.62,Percutaneous angioplasty or atherectomy of intracranial vessel(s) 
0.63,Percutaneous insertion of carotid artery stent(s) 
0.64,Percutaneous insertion of other precerebral (extracranial) artery stent(s) 
0.65,Percutaneous insertion of intracranial vascular stent(s) 
0.66,Parcutaneous transluminal coronary angioplasty (PTCA) or coronary atherectomy 
0.66,Parcutaneous transluminal coronary angioplasty (PTCA) or coronary atherectomy 
0.67,Intravascular pressure measurement of intrathoracic arteries 
0.68,Intravascular pressure measurement of peripheral arteries 
0.69,Intravascular pressure measurement of other specified and unspecified vessels 
0.7,"Revision of hip replacement, both acetabular and femoral components "
0.71,"Revision of hip replacement, acetabular component "
0.72,"Revision of hip replacement,femoral component "
0.73,"Revision of hip replacement, acetabular liner and/or femoral head only "
0.74,"Hip bearing surface, metal on polyethylene "
0.75,"Hip bearing surface, metal-on-metal "
0.76,"Hip bearing surface, ceramic-on-ceramic "
0.77,"Hip bearing surface, ceramic on polyethylene "
0.8,"Revision of knee replacement, total (all components) "
0.81,"Revision of knee replacement, tibial component "
0.82,"Revision of knee replacement, femoral component "
0.83,"Revision of knee replacement,patellar component "
0.84,"Revision of total knee replacement, tibial insertion (liner) "
0.85,"Resurfacing hip, total, acetabulum and femoral head "
0.86,"Resurfacing hip, partial, femoral head "
0.87,"Resurfacing hip,partial, acetabulum "
0.91,Transplant from live related donor 
0.92,Transplant from live non-related donor 
0.93,Transplant from cadaver 
0.94,Intra-operative neurophysiologic monitoring 
1.01,Cisternal puncture 
1.02,Ventriculopuncture through previously implanted catheter 
1.09,Other cranial puncture 
1.1,Intracranial pressure monitoring 
1.11,Closed [percutaneous] [needle] biopsy of cerebral meninges 
1.12,Open biopsy of cerebral meninges 
1.13,Closed [percutaneous] [needle] biopsy of brain 
1.14,Open biopsy of brain 
1.15,Biopsy of skull 
1.16,Intracranial oxygen monitoring 
1.17,Brain temperature monitoring 
1.18,Other diagnostic procedures on brain and cerebral meninges 
1.19,Other diagnostic procedures on skull 
1.21,Incision and drainage of cranial sinus 
1.22,Removal of intracranial neurostimulator lead(s) 
1.23,Reopening of craniotomy site 
1.24,Other craniotomy 
1.25,Other craniectomy 
1.26,Insertion of catheter(s)into cranial cavity or tissue 
1.27,Removal of catheter(s) from cranial cavity or tissue 
1.28,Placement of intracerebelar catheter(s) via burr hole(s) 
1.31,Incision of cerebral meninges 
1.32,Lobotomy and tractotomy 
1.39,Other incision of brain 
1.41,Operations on thalamus 
1.42,Operations on globus pallidus 
1.51,Excision of lesion or tissue of cerebral meninges 
1.52,Hemispherectomy 
1.53,Lobectomy of brain 
1.59,Other excision or destruction of lesion or tissue of brain 
1.6,Excision of lesion of skull 
1.6,Excision of lesion of skull 
2.01,Opening of cranial suture 
2.02,Elevation of skull fracture fragments 
2.03,Formation of cranial bone flap 
2.04,Bone graft to skull 
2.05,Insertion of skull plate 
2.06,Other cranial osteoplasty 
2.07,Removal of skull plate 
2.11,Simple suture of dura mater of brain 
2.12,Other repair of cerebral meninges 
2.13,Ligation of meningeal vessel 
2.14,Choroid plexectomy 
2.2,Ventriculostomy 
2.31,Ventricular shunt to structure in head and neck 
2.32,Ventricular shunt to circulatory system 
2.33,Ventricular shunt to thoracic cavity 
2.34,Ventricular shunt to abdominal cavity and organs 
2.35,Ventricular shunt to urinary system 
2.39,Other operations to establish drainage of ventricle 
2.41,Irrigation of ventricular shunt 
2.42,Replacement of ventricular shunt 
2.43,Removal of ventricular shunt 
2.91,Lysis of cortical adhesions 
2.92,Repair of brain 
2.93,Implantation of intracranial neurostimulator 
2.94,Insertion or replacement of skull tongs or halo traction device 
2.95,Removal of skull tongs or halo traction device 
2.96,Insertion of sphenoidal electrodes 
2.99,"Other operations on skull, brain, and cerebral meninges "
3.01,Removal of foreign body from spinal canal 
3.02,Reopening of laminectomy site 
3.09,Other exploration and decompression of spinal canal 
3.1,Division of intraspinal nerve root 
3.21,Percutaneous chordotomy 
3.29,Other chordotomy 
3.31,Spinal tap 
3.32,Biopsy of spinal cord or spinal meninges 
3.39,Other diagnostic procedures on spinal cord and spinal canal structur 
3.4,Excision or destruction of lesion of spinal cord or spinal meninges 
3.51,Repair of spinal meningocele 
3.52,Repair of spinal myelomeningocele 
3.53,Repair of vertebral fracture 
3.59,Other repair and plastic operations on spinal cord structures 
3.6,Lysis of adhesions of spinal cord and nerve roots 
3.71,Spinal subarachnoid-peritoneal shunt 
3.72,Spinal subarachnoid-ureteral shunt 
3.79,Other shunt of spinal theca 
3.8,Injection of destructive agent into spinal canal 
3.9,Insertion of catheter into spinal canal for infusion of therapeutic 
3.91,Injection of anesthetic into spinal canal for analgesia 
3.92,Injection of other agent into spinal canal 
3.93,Implantation or replacement of spinal neurostimulator lead(s) 
3.94,Removal of spinal neurostimulator lead(s) 
3.95,Spinal blood patch 
3.96,Percutaneous denervation of facet 
3.97,Revision of spinal thecal shunt 
3.98,Removal of spinal thecal shunt 
3.99,Other operations on spinal cord and spinal canal structures 
4.01,Excision of acoustic neuroma 
4.02,Division of trigeminal nerve 
4.03,Division or crushing of other cranial and peripheral nerves 
4.04,Other incision of cranial and peripheral nerves 
4.05,Gasserian ganglionectomy 
4.06,Other cranial or peripheral ganglionectomy 
4.07,Other excision or avulsion of cranial and peripheral nerves 
4.11,Closed (percutaneous) (needle) biopsy of cranial or peripheral nerve or ganglion 
4.12,Open biopsy of cranial or peripheral nerve or ganglion 
4.19,Other diagnostic procedures on cranial and peripheral nerves and ganglia 
4.2,Destruction of cranial and peripheral nerves 
4.3,Suture of cranial and peripheral nerves 
4.41,Decompression of trigeminal nerve root 
4.42,Other cranial nerve decompression 
4.43,Release of carpal tunnel 
4.44,Lysis of adhesions and decompression of cranial 
4.49,Other peripheral nerve or ganglion decompression or lysis of adhesions 
4.5,Cranial or peripheral nerve graft 
4.6,Transposition of cranial and peripheral nerves 
4.71,Hypoglossal-facial anastomosis 
4.72,Accessory-facial anastomosis 
4.73,Accessory-hypoglossal anastomosis 
4.74,Other anastomosis of cranial or peripheral nerve 
4.75,Revision of previous repair of cranial and peripheral nerves 
4.76,Repair of old traumatic injury of cranial and peripheral nerves 
4.79,Other neuroplasty 
4.8,"Peripheral nerve injection, not otherwise specified "
4.81,Injection of anesthetic into peripheral nerve for analgesia 
4.89,"Injection of other agent, except neurolytic "
4.91,Neurectasis 
4.92,Implantation or replacement of peripheral neurostimulator lead(s) 
4.93,Removal of peripheral neurostimulator lead(s) 
4.99,Other operations on cranial and peripheral nerves 
5,Division of sympathetic nerve or ganglion 
5.11,Biopsy of sympathetic nerve or ganglion 
5.19,Other diagnostic procedures on sympathetic nerves or ganglia 
5.21,Sphenopalatine ganglionectomy 
5.22,Cervical sympathectomy 
5.23,Lumbar sympathectomy 
5.24,Presacral sympathectomy 
5.25,Periarterial sympathectomy 
5.29,Other sympathectomy and ganglionectomy 
5.31,Injection of anesthetic into sympathetic nerve for analgesia 
5.32,Injection of neurolytic agent into sympathetic nerve 
5.39,Other injection into sympathetic nerve or ganglion 
5.81,Repair of sympathetic nerve or ganglion 
5.89,Other operations on sympathetic nerves or ganglia 
5.9,Other operations on nervous system 
6.01,Aspiration of thyroid field 
6.02,Reopening of wound of thyroid field 
6.09,Other incision of thyroid field 
6.11,Closed (percutaneous) (needle) biopsy of thyroid gland 
6.12,Open biopsy of thyroid gland 
6.13,Biopsy of parathyroid gland 
6.19,Other diagnostic procedures on thyroid and parathyroid glands 
6.2,Unilateral thyroid lobectomy 
6.31,Excision of lesion of thyroid 
6.39,other partial thyroidectomy 
6.4,Complete thyroidectomy 
6.5,"Substernal thyroidectomy, not otherwise specified "
6.51,Partial substernal thyroidectomy 
6.52,Complete substernal thyroidectomy 
6.6,Excision of lingual thyroid 
6.7,Excision of thyroglossal duct or tract 
6.81,Complete parathyroidectomy 
6.89,Other parathyroidectomy 
6.91,Division of thyroid isthmus 
6.92,Ligation of thyroid vessels 
6.93,Suture of thyroid gland 
6.94,Thyroid tissue reimplantation 
6.95,Parathyroid tissue reimplantation 
6.98,Other operations on thyroid glands 
6.99,Other operations on parathyroid glands 
7,"Exploration of adrenal field, not otherwise specified "
7.01,Unilateral exploration of adrenal field 
7.02,Bilateral exploration of adrenal field 
7.11,Closed (percutaneous) (needle) biopsy of adrenal gland 
7.12,Open biopsy of adrenal gland 
7.13,"Biopsy of pituitary gland, transfrontal approach "
7.14,"Biopsy of pituitary gland, transsphenoidal approach "
7.15,"Biopsy of pituitary gland, unspecified approach "
7.16,Biopsy of thymus 
7.17,Biopsy of pineal gland 
7.19,"Other diagnostic procedures on adrenal glands, pituitary gland, pineal and thymus "
7.21,Excision of lesion of adrenal gland 
7.22,Unilateral adrenalectomy 
7.29,Other partial adrenalectomy 
7.3,Bilateral adrenalectomy 
7.41,Incision of adrenal gland 
7.42,Division of nerves to adrenal glands 
7.43,Ligation of adrenal vessels 
7.44,Repair of adrenal gland 
7.45,Reimplantation of adrenal tissue 
7.49,"Other operations on adrenal glands, nerves, and vessels "
7.51,Exploration of pineal field 
7.52,Incision of pineal gland 
7.53,Partial excision of pineal gland 
7.54,Total excision of pineal gland 
7.59,Other operations on pineal gland 
7.61,"Partial excision of pituitary gland, transfrontal approach "
7.62,"Partial excision of pituitary gland, transsphenoidal approach "
7.63,"Partial excision of pituitary gland, unspecified approach "
7.64,"Total excision of pituitary gland, transfrontal approach "
7.65,"Total excision of pituitary gland, transsphenoidal approach "
7.68,"Total excision of pituitary gland, other specified approach "
7.69,"Total excision of pituitary gland, unspecified approach "
7.71,Exploration of pituitary fossa 
7.72,Incision of pituitary gland 
7.79,Other operations on hypophysis 
7.8,"Thymectomy, not otherwise specified "
7.81,Partial excision of thymus 
7.82,Total excision of thymus 
7.83,Thoracoscopic partial excision of thymus 
7.84,Thoracoscopic total excision of thymus 
7.91,Exploration of thymus field 
7.92,Incision of thymus 
7.93,Repair of thymus 
7.94,Transplantation of thymus 
7.95,Thoracoscopic incision of thymus 
7.98,Other and unspecified thoracoscopic operations on thymus 
7.99,Other and unspecified operations on thymus 
8.01,Incision of lid margin 
8.02,Severing of blepharorrhaphy 
8.09,Other incision of eyelid 
8.11,Biopsy of eyelid 
8.19,Other diagnostic procedures on eyelid 
8.2,"Removal of lesion of eyelid, not otherwise specified "
8.21,Excision of chalazion 
8.22,Excision of other minor lesion of eyelid 
8.23,"Excision of major lesion of eyelid, partial-thickness "
8.24,"Excision of major lesion of eyelid, full-thickness "
8.25,Destruction of lesion of eyelid 
8.31,Repair of blepharoptosis by frontalis muscle technique with suture 
8.32,Repair of blepharoptosis by frontalis muscle technique with fascial 
8.33,Repair of blepharoptosis by resection or advancement of levator musc 
8.34,Repair of blepharoptosis by other levator muscle techniques 
8.35,Repair of blepharoptosis by tarsal technique 
8.36,Repair of blepharoptosis by other techniques 
8.37,Reduction of overcorrection of ptosis 
8.38,Correction of lid retraction 
8.41,Repair of entropion or ectropion by thermocauterization 
8.42,Repair of entropion or ectropion by suture technique 
8.43,Repair of entropion or ectropion with wedge resection 
8.44,Repair of entropion or ectropion with lid reconstruction 
8.49,Other repair of entropion or ectropion 
8.51,Canthotomy 
8.52,Blepharorrhaphy 
8.59,Other adjustment of lid position 
8.61,Reconstruction of eyelid with skin flap or graft 
8.62,Reconstruction of eyelid with mucous membrane flap or graft 
8.63,Reconstruction of eyelid with hair follicle graft 
8.64,Reconstruction of eyelid with tarsoconjunctival flap 
8.69,Other reconstruction of eyelid with flaps or grafts 
8.7,"Reconstruction of eyelid, not otherwise specified "
8.71,"Reconstruction of eyelid involving lid margin, partial- thickness "
8.72,"Other reconstruction of eyelid, partial-thickness "
8.73,"Reconstruction of eyelid involving lid margin, full-thickness "
8.74,"Other reconstruction of eyelid, full-thickness "
8.81,Linear repair of laceration of eyelid or eyebrow 
8.82,"Repair of laceration involving lid margin, partial-thickness "
8.83,"Other repair of laceration of eyelid, partial-thickness "
8.84,"Repair of laceration of eyelid involving lid margin, full-thickness "
8.85,"Other repair of laceration of eyelid, full-thickness "
8.86,Lower eyelid rhytidectomy 
8.87,Upper eyelid rhytidectomy 
8.89,Other eyelid repair 
8.91,Electrosurgical epilation of eyelid 
8.92,Cryosurgical epilation of eyelid 
8.93,Other epilation of eyelid 
8.99,Other operations on eyelids 
9,Incision of lacrimal gland 
9.11,Biopsy of lacrimal gland 
9.12,Biopsy of lacrimal sac 
9.19,Other diagnostic procedures on lacrimal system 
9.2,"Excision of lacrimal gland, not otherwise specified "
9.21,Excision of lesion of lacrimal gland 
9.22,Other partial dacryoadenectomy 
9.23,Total dacryoadenectomy 
9.3,Other operations on lacrimal gland 
9.41,Probing of lacrimal punctum 
9.42,Probing of lacrimal canaliculi 
9.43,Probing of nasolacrimal duct 
9.44,Intubation of nasolacrimal duct 
9.49,Other manipulation of lacrimal passage 
9.51,Incision of lacrimal punctum 
9.52,Incision of lacrimal canaliculi 
9.53,Incision of lacrimal sac 
9.59,Other incision of lacrimal passages 
9.6,Excision of lacrimal sac and passage 
9.71,Correction of everted punctum 
9.72,Other repair of punctum 
9.73,Repair of canaliculus 
9.81,Dacryocystorhinostomy (DCR) 
9.82,Conjunctivocystorhinostomy 
9.83,Conjunctivorhinostomy with insertion of tube or stent 
9.83,Conjunctivorhinostomy with insertion of tube or stent 
9.91,Obliteration of lacrimal punctum 
9.99,Other operations on lacrimal system 
10,Removal of embedded foreign body from conjuntiva 
10.1,Other incision of conjunctiva 
10.2,Ventriculopuncture through previously implanted catheter 
10.21,Biopsy of conjunctiva 
10.29,Other diagnostic procedures on conjunctiva 
10.31,Excision of lesion or tissue of conjunctive 
10.32,Destruction of lesion of conjunctiva 
10.33,Other destructive procedures on conjunctive 
10.41,Repair of symblepharon with free graft 
10.42,Reconstruction of conjunctival cul-de-sac with free graft 
10.43,Other reconstruction of conjunctival cul-de-sac 
10.44,Other free graft to conjunctiva 
10.49,Other conjunctivoplasty 
10.5,Lysis of adhesions of conjunctive and eyelid 
10.6,Repair of laceration of conjunctive 
10.9,Other cranial puncture 
10.9,Other operations on conjunctiva 
10.91,Subconjunctival injection 
10.99,Others 
11,Magnetic removal of embedded foreign body from comea 
11,Magnetic removal of embedded foreign body from cornea 
11.1,Closed (percutaneous) (needle) biosy cerebral 
11.1,Incision of comea 
11.2,Open biopsy of cerebral meninges 
11.21,Scraping of comea for smear or culture 
11.22,Biopsy of cornea 
11.29,Other diagnostic procedures on comea 
11.3,Closed (percutaneous) (needle) biosy of brain 
11.31,Transposition of pterygium 
11.32,Excision of pterygium with corneal graft 
11.39,Other excision of pterygium 
11.4,Open biopsy of brain 
11.41,Mechanical removal of comeal epithelium 
11.42,Themocautenzation of comeal lesion 
11.43,Cryotherapy of comeal lesion 
11.49,Other removal or destruction of comeal lesion 
11.5,Biopsy of skull 
11.51,Suture of comeal laceration 
11.52,Repair of postoperative wound dehiscence of cornea 
11.53,Repair of corneal laceration or wound with conjuntival flap 
11.59,Other repair of cornea 
11.6,Comeal transplant NOS 
11.6,"Corneal transplant, not otherwise specified "
11.61,Lamellar keratoplasty with autograft 
11.62,Other lamellar keratoplasty 
11.63,Penetrating keratoplasty with autograft 
11.64,Other penetrating keratoplasty 
11.69,Other comeal transplant 
11.71,Keratomileusis 
11.72,Keratophakia 
11.73,Keratoprosthesis 
11.74,Thennokeratoplasty 
11.75,Radial keratotomy 
11.76,Epikeratophakia 
11.79,Other operations on iris ciliary body sclera 
11.8,Other diagnostic procedures on brain and cerebral meninges 
11.9,Other diagnostic procedures on skull 
11.91,Tattooing of cornea 
11.92,Removal of artificial implant from cornea 
11.99,Other operations operations on cornea 
12,Removal of intraocular foreign body from ant seg of eye NOS 
12,"Removal of intraocular foreign body from anterior segment of eye, no "
12.01,Removal of intraocular fireign body from ant seg of eye with use of magnet 
12.02,Removal of intraocular foreign body from ant seg of eye without use of magnet 
12.1,Incision and drainage of cranial sinus 
12.11,Iridotomy with transfixion 
12.12,Other iridotomy 
12.13,Excision of prolapsed iris 
12.14,Other iridectomy 
12.2,Removal of intaracranial neurostimulator 
12.21,Diagnostic aspirtion of ant chamber of eye 
12.22,Bipsy of iris 
12.29,Other diagnostic procedures on iris cliary body 
12.3,Reopening of craniotomy site 
12.31,Lysis of goniosynechiae 
12.32,Lysis of other ant synechiae 
12.33,lysis of posterior sysnechiae 
12.34,lysis of coerneovitreal adhesions 
12.35,Coreoplasty 
12.39,Other iridoplasty 
12.4,Other craniotomy 
12.4,Removal of lesion of ant seg of eye NOS 
12.4,"Removal of lesion of anterior segment of eye, not otherwise specifie "
12.41,Destruction of lesion of iris nonexcisional 
12.42,Excision of lesion of iris 
12.43,Destruction of lesion of ciliary body nonexcisional 
12.44,Excision of lesion of ciliary body 
12.5,Other craniectomy 
12.51,Goniopuncture without goniotomy 
12.52,Goniotomy without goniopuncture 
12.53,Goniotomy with goniopuncture 
12.54,Trabeculotomy ab extemo 
12.55,Cyciodialysis 
12.59,Other facilitation of intraocular circulation 
12.61,Trephination of sclera with indectomy 
12.62,Thennocauterization of sclera with iridectomy 
12.63,Indencleisis and iridotasis 
12.64,Trabeculectomy ab extermo 
12.65,Other scleral fistulization with indectomy 
12.66,Postoperative revision of scleral fistulization procedures 
12.69,Other fistulizing procedure 
12.71,Cyclodiathermy 
12.72,Cycllocryottherapy 
12.73,Cyclophotocoagulation 
12.74,Diminution of ciliary body NOS 
12.79,Other glaucoma procedures 
12.81,Suture of laceration of sclera 
12.82,Repair of sclera fistula 
12.83,Revision of operative wound of ant seg NOS 
12.84,Excision or destruction of lesion of sclera 
12.85,Repair of scleral staphyloma with graft 
12.86,Other repair of scleral staphyloma 
12.87,Scleral reinforcement with graft 
12.88,Other operations reinforcement 
12.89,Other operations on sclera 
12.91,Therapeutic evacuation of ant chamber 
12.92,Injection into ant chamber 
12.93,Removale or destruction of epithefiral downgrowth from 
12.97,Other operations on iris 
12.98,Other operations on ciliary body 
12.99,Other operations on ant chamber 
13,Removal of foreign body from lens NOS 
13,"Removal of foreign body from lens, not otherwise specified "
13.01,Removal of foreign body from lens with use of magnet 
13.02,Removal of foreign body from lens without use of magnet 
13.1,Incision of cerebral meninges 
13.11,Intracapsular extraction of lens by temporal inf route 
13.19,Other intracap extraction 
13.2,Extracap extraction of lens by linear extra technique 
13.2,Lobotomy and tractotomy 
13.3,Extracap extraction of lens by simple aspiration 
13.41,Phaco and aspiration of catarac 
13.42,Mechaic phacofragment and aspi of catarac 
13.43,Mechanical phacofragmentation and other aspiration of cataract 
13.51,Extracap extraction of lens by temporal infer route 
13.59,Other extracap extrac of lens 
13.64,Discission of secondary membra 
13.65,Excision of secondary membra 
13.66,Mechanical fragme of secondary membra 
13.69,Other catarac extraction 
13.7,Insert of psedophakos NOS 
13.7,"Insertion of pseudophakos, not otherwise specified "
13.71,Insert of intra lens prosthesis at time catarac 
13.72,Secondary insert of intrao lens prosthesis 
13.8,Removal insert of intrao lens prosthesis 
13.9,Other incision of brain 
13.9,Other oprations on lens 
13.9,"Operation on lens, Not Elsewhere Classified "
13.91,Implatation of intraocular telescope prosthesis 
14,Removal of foreign body from post segment of eye NOS 
14,"Removal of foreign body from posterior segment of eye, not otherwise "
14.01,Removal of foreign body from post segment of eye with use magnet 
14.02,Removal of foreign body from post segment of eye without use magnet 
14.1,Operations on thalamus    
14.11,Diagnostic aspiration of vitreous 
14.19,"Other diagnostic procedures on retina, choroid, vitreous, and poster "
14.2,Operations on globus pallidus 
14.21,Destruction of chorioretinal lesion by diathermy 
14.22,Destruction of chorioretinal lesion by cryottherapy 
14.23,Destruction of chorioretinal lesion by xenon arc photocoagulation 
14.24,Destruction of chorioretinal lesion by laser photocoagulation 
14.25,Destruction of chorioretinal lesion by photocoagulation of unspecifi 
14.26,Destruction of chorioretinal lesion by radiation 
14.27,Destruction of chorioretinal lesion by implant 
14.29,Other destruction of chorioretinal lesion 
14.31,Repair of retinal tear by diathermy 
14.32,Repair of retinal tear by cryotherapy 
14.33,Repair of retinal tear by xenon arc photo 
14.34,Repair of retinal tear by laser photo 
14.35,Repair of retinal tear by photo of unspec type 
14.39,Other repair of retinal detac 
14.41,Scleral buckling with implant 
14.49,Other scleral buckling 
14.51,Repair of retinal detac with diathermy 
14.52,Repair of retinal detac with cryotherapy 
14.53,Repair of retinal detac with xrnon arc 
14.54,Repair of retinal detac with laser 
14.55,Repair of retinal detac with photo 
14.59,Other repair of retinal detac 
14.6,Removal of surgically implant material from post seg of eye 
14.71,Removal of vireous ant approach 
14.72,Other removal of vireous 
14.73,Mechanical vitrectomy by ant appoach 
14.74,Other mechanical vitrectomy 
14.75,Injection of vitreous substitute 
14.79,Other operation on vitreous 
14.9,Other operations on retina choroid 
15.01,Biopsy of extraocular muscle or tendon 
15.09,Other diagnostic procedures on extra muscles 
15.1,Excision of lesion or tissue of cerebral meninges 
15.11,Recession of one extrao muscle 
15.12,Advancement of one extrao muscle 
15.13,Resection of extraocular muscle 
15.19,Other operations on one extraocular muscle invlov 
15.2,Hemispherectomy 
15.21,Lengthening procedure on one extrao muscle 
15.22,Shortening procedure on one extrao muscle 
15.29,Other operations on one extraocular muscle 
15.3,Lobectomy of brain 
15.3,Operations on two or more extrao muscles involving 
15.4,Other operations on two or more extra muscles one or both eyes 
15.5,Transplantation of extrao muscles 
15.6,Revision of injury of extra muscles 
15.7,Repair of injury of extra muscle 
15.9,Other excision or destruction of lesion or tissue of brain 
15.9,Other operation on extraocular muscles and tendons 
16,Excision of lesion of skull 
16.01,Orbitotomy with bone flap 
16.02,Orbitotomy with lateral approach 
16.09,Other orbitotomy 
16.1,Removal of penetrating foreign body from eye 
16.21,Ophthalmoscopy 
16.22,Diagnostic aspiration of orbit 
16.23,Biopsy of eyeball and orbit 
16.29,Other diagnostic procedures on orbit and eyeball 
16.31,Removal of ocular contents with synchronous implant into 
16.39,Other evisceration of eyeball 
16.41,Enucleation of eyeball synchronous implat into tendon 
16.42,Enucleation of eyeball with other syncho impalnt 
16.49,Other enucleation of eyeball 
16.51,Exenteration of orbital contents 
16.52,Exenteration of orbit with therapetic removal of orbital bone 
16.59,Other exenteration of orbit 
16.61,Secondary insert of ocular implant 
16.62,Revision and reinsert of ocular implant 
16.63,Revision of enucleation socket with graft 
16.64,Other revision of enucleation socket 
16.65,Secondary graft to exenter cavity 
16.66,Other revision of exentre cavity 
16.69,Other secondary procedures after removal of eyeball 
16.71,Removal of ocular implant 
16.72,Removal of orbital impalt 
16.81,Repair of woud of orbit 
16.82,Repair of rupture of eyeball 
16.89,Other repair of injury of eyebll or orbit 
16.91,Retrobulbar injection of therapeutic agent 
16.92,Excision of lesion of orbit 
16.93,Excision of lesion of eye unspecified 
16.98,Other operations on orbit 
16.99,Other operations on eyeball 
17.11,Laparoscopic repair of direct inguinal hernia with graft or prosthesis 
17.12,Laparoscopic repair of indirect inguinal hernia with graft or prosthesis 
17.13,"Laparoscopic repair of inguinal hernia with graft or prosthesis,not otherwise specified "
17.21,Laparoscopic bilateral repair of direct inguinal hernia with graft or prosthesis 
17.22,Laparoscopic bilateral repair of indirect inguinal hernia with graft or prosthesis 
17.23,"Laparoscopic bilateral repair of inguinal hernia, one direct and one indirect, with graft or prosthesis "
17.24,"Laparoscopic bilateral repair of inguinal hernia with graft or prosthesis, not otherwise specified "
17.31,Laparoscopic multiple segmental resection of large intestine 
17.32,Laparoscopic cecectomy 
17.33,Laparoscopic right hemicolectomy 
17.34,Laparoscopic resection of transverse colon 
17.35,Laparoscopic left hemicolectomy 
17.36,Laparoscopic sigmoidectomy 
17.39,Other laparoscopic partial excision of large intestine 
17.41,Open robotic assisted procedure 
17.42,Laparoscopic robotic assisted procedure 
17.43,Percutaneous robotic assisted procedure 
17.44,Endoscopic robotic assisted procedure 
17.45,Thoracoscopic robotic assisted procedure 
17.49,Other and unspecified robotic assisted procedure 
17.51,"Implantation of rechargeable cardiac contractility modulation [CCM], total system "
17.52,Implantation or replacement of cardiac contractility modulation [CCM] rechargeable pulse generator only 
17.61,Laser interstitial thermal therapy [LITT] of lesion or tissue of brain under guidance 
17.62,Laser interstitial thermal therapy [LITT] of lesion or tissue of head and neck under guidance 
17.63,Laser interstitial thermal therapy [LITT] of lesion or tissue of liver under guidance 
17.69,Laser interstitial thermal therapy [LITT] of lesion or tissue of other and unspecified site under guidance 
17.7,Intravenous infusion of clofarabine 
18.01,Piercing of ear lobe 
18.02,Incision of external auditory canal 
18.09,Other incision of external ear 
18.11,(Otoscopy) 
18.12,Biopsy of external ear 
18.19,Other diagnostic procedures on external ear 
18.21,Excision of preauricular sinus 
18.29,Excision or destruction of other lesion of external ear 
18.31,Radical excision of lesion of external ear 
18.39,Other amputation of external ear 
18.4,Suture of laceration of external ear 
18.5,Surgical correction of prominent ear 
18.6,Reconstruction of external auditory canal 
18.71,Construction of auricle of ear 
18.72,Reattachrment of amputated ear 
18.79,Other plastic repair of external ear 
18.9,Other operation on external  ear 
19,Stapes mobilization 
19,Stapes mobilization 
19.11,Stapedectomy with incus replacement 
19.19,Other stapedectomy 
19.21,Revision of stapedectomy with incus replacement 
19.29,Other revision of stapedectomy 
19.3,Other operations on ossicular chain 
19.4,Myringoplasty 
19.52,Type II tympanoplasty 
19.53,Type III tympanoplasty 
19.54,Type IV tympanoplasty 
19.55,Type V tympanoplasty 
19.6,Revision of tympanoplasty 
19.9,Other repair of middle ear 
20.01,Myringotomy with insertion of tube 
20.09,Other myringotomy 
20.1,Opening of cranial suture 
20.2,Elevation of skull fracture fragments 
20.21,incision of mastoid and midlle ear 
20.22,incision of petrous pyramid air cells 
20.23,incision of middle ear 
20.3,Formation of cranial bane flap 
20.31,Electrocochleography 
20.32,biopsy of middle and inner ear 
20.39,other diagnostic procedures on middle and inner ear 
20.4,bone graft to skull 
20.41,simple mastoidectomy 
20.42,radical mastoidectomy 
20.49,other mastoidectomy 
20.5,Insertion of skull plate 
20.51,excision of lesion of middle ear 
20.59,other excision of middle ear 
20.6,Other cranial osteoplasty 
20.61,fenestration of inner ear 
20.62,revision of fenestation of inner ear 
20.7,Removal of skull plate 
20.71,endolymphatic shunt 
20.72,injection into inner ear 
20.79,other incision excision and destruction of inner ear 
20.8,Operations on Eustachian tube 
20.91,tympanosympathectomy 
20.92,revision of mastoidectomy 
20.93,repair of oval and round windows 
20.94,Injection of tympanum 
20.95,implantation of electromagnetic hearing device 
20.96,implantation or replacement of cochlearprosthetic devicesingle channel 
20.97,implantation or replacement of cochlearprosthetic devicemultiple channel 
20.98,implantation or replacement of cochlear prosthetic device single channel 
20.99,implantation or replacement of cochlear prosthetic device multiple channel 
21,"Control of epistaxis, not otherwise specified "
21.01,Control of epistaxis by anterior nasal packing 
21.02,Control of epistaxis by posterior (and anterior) packing 
21.03,Control of epistaxis by cauterization (and packing) 
21.04,control of epistaxis by ligation ofethmodial arteries 
21.05,control of epistaxis by (transratal) ligation of the maxillary artery 
21.06,control of epistaxis by ligation of the external carotid artery 
21.07,control of epistaxis by exicison of nasal mucosa 
21.09,turbinectomy associated with sinusectomy 
21.1,Simple suture of dura mater of brain 
21.2,Other repair of cerebral meninges 
21.21,Rhinoscopy 
21.22,Biopsy of nose 
21.29,Other diagnostic procedures on nose 
21.3,Ligation of meningeal vessel 
21.3,"Excision or destruction of lesion of nose, not otherwise specified "
21.31,Local excision or destruction of intranasal lesion 
21.32,Local excision or destruction of other lesion of nose 
21.4,Choroid plexectomy 
21.4,resection of nose 
21.5,submucous resection of nasal septum 
21.61,turbinectomy by diathermy of cryosurgery 
21.62,fractures of turbinates 
21.69,other turbinectomy 
21.71,Closed reduction of nasal fracture 
21.72,open reduction of nasal fracture 
21.81,Suture of laceration of nose 
21.82,closure of nasal fistula 
21.83,total nasal reconstruction 
21.84,revision rhinoplasty 
21.85,augmentation rhinoplasty 
21.86,limited rhinoplasty 
21.87,other rhinoplasty 
21.88,other septoplasty 
21.89,other repair and plastic operation on nose 
21.91,Lysis of adhesions of nose 
21.99,other operations on nose 
22,Ventriculostomy 
22,"Aspiration and lavage of nasal sinus, not otherwise specified "
22.01,Puncture of nasal sinus for aspiration or lavage 
22.02,Aspiration or lavage of nasal sinus through natural ostium 
22.11,Closed [endoscopic] [needle] biopsy of nasal sinus 
22.12,open biopsy of nasal sinus 
22.19,Other diagnostic procedures on nasal sinuses 
22.2,Intranasal antrotomy 
22.31,radical maxilary antrotomy 
22.39,other external maxillary antrotomy 
22.41,frontal sinusotomy 
22.42,frontal sinusectomy 
22.5,"Sinusotomy, not otherwise specified "
22.51,ethmoidotomy 
22.52,sphenoidotomy 
22.53,incision of multiple nasal sinuses 
22.6,sinusectomy not otherwise specified 
22.61,excision of lesion of maxillary sinus with caldwell-luc 
22.62,excision of lesion of maxillary sinus with other approach 
22.63,ethmoidectomy 
22.64,sphenoidectomy 
22.71,closure of nasal sinus fistula 
22.79,other repair of nasal sinus 
22.9,other operation of nasal sinus 
23,Forceps extraction of tooth 
23.01,Extraction of deciduous tooth 
23.09,Extraction of other tooth 
23.1,Ventricular shunt to structure in head and neck 
23.1,Surgical removal of tooth 
23.11,Removal of residual root 
23.19,Other surgical extraction of tooth 
23.2,Restoration of tooth by filling 
23.2,Ventricular shunt to circulatory system 
23.3,Ventricular shunt to thoracic cavity 
23.3,Restoration of tooth by inlay 
23.4,Other dental restoration 
23.4,Ventricular shunt to abdominal cavity ang organs 
23.41,Application of crown 
23.42,Insertion of fixed bridge 
23.43,Insertion of removable bridge 
23.49,Other 
23.5,Implantation of tooth 
23.5,Ventricular shunt to urinary system 
23.6,Prosthetic dental implant 
23.7,Root canal not otherwise specified 
23.7,Apicoectomy and root canal therapy 
23.7,"Root canal, not otherwise specified "
23.71,Root canal therapy with irrigation 
23.72,Root canal therapy with apicoectomy 
23.73,Apicoectomy 
23.9,Other operations to establish drainage of ventricle 
24,Incision of gum or alveolar bone 
24,Incision of gum or alveolar bone 
24.1,Irrigation of ventricular shunt 
24.1,Diagnostic procedures on teeth gum and alveoli 
24.11,Biopsy of gum 
24.12,Biopsy of alveolus 
24.19,Other diagnostic procedures on teeth gum and alveoli 
24.2,gingivoplasty 
24.2,Replacement of ventrucular shunt 
24.3,Other operations on gum 
24.3,Removal of ventricular shunt 
24.31,Excision of lesion or tissue of gum 
24.32,Suture of laceration of gum 
24.39,Other 
24.4,excision of dental lesion of jaws 
24.5,alveoloplasty 
24.6,Exposure of tooth 
24.7,Application of orthodontic appliance 
24.8,Other orthodontic operation 
24.9,Other dental operations 
24.91,Extensions or deepening of buccolabial or lingual sulcus 
24.99,Other 
25.01,Closed (needle) biopsy of tongue 
25.02,open biopsy of tongue 
25.09,Other diagnostic procedures on tongue 
25.1,excision or destruction of lesion or tissue of tongue 
25.2,partial glossectomy 
25.3,complete glossectomy 
25.4,radical glossectomy 
25.51,Suture of laceration of tongue 
25.59,other repair and plastic operation of tongue 
25.91,Lingual frenotomy 
25.92,Lingual frenectomy 
25.93,Lysis of adhesions of tongue 
25.94,other glossotomy 
25.99,other operations on tongue 
26,Incision of salivary gland or duct 
26.11,Closed (needle) biopsy of salivary gland or duct 
26.12,open biopsy of salivary gland or duct 
26.19,Other diagnostic procedures on salivary glands and ducts 
26.21,marsupialization of salivary gland cyst 
26.29,other excision of salivary gland lesion 
26.3,"Sialoadenectomy, not otherwise specified "
26.31,partial sialoadenectomy 
26.32,complete sialoadenectomy 
26.41,suture of laceration of salivary gland 
26.42,closure of salivary fistula 
26.49,other repair and plastic operations on salivary gland or duct 
26.91,Probing of salivary duct 
26.99,other operations salivary gland or duct 
27,drainage of face and floor of mouth 
27,Drainage of face and floor of mouth 
27.1,incision of palate 
27.21,biopsy of bony palate 
27.22,biopsy of uvula and soft palate 
27.23,Biopsy of lip 
27.24,"Biopsy of mouth, unspecified structure "
27.29,Other diagnostic procedures on oral cavity 
27.31,local excision or destruction of lesion or tissue of bony palate 
27.32,wide excision or destruction of lesion or tissue of bony palate 
27.41,Labial frenectomy 
27.42,wide excision of lesion of lip 
27.43,other excision of lesion or tissue of lip 
27.49,other excision of mouth 
27.51,Suture of laceration of lip 
27.52,Suture of laceration of other part of mouth 
27.53,closure of fistula of mouth 
27.54,repair of cleft lip 
27.55,full thickness skin graft to lip and mouth 
27.56,other skin graft to life and mouth 
27.57,attachment of pedicle or flap graft to lip and mouth 
27.59,other plastic repair of mouth 
27.61,suture of laceration of palate 
27.62,correction of cleft palate 
27.63,revision of cleft palate repair 
27.69,other plastic repair of palate 
27.71,incision of ovula 
27.72,excision of uvula 
27.73,repair of uvula 
27.79,other operation of uvula 
27.91,Labial frenotomy 
27.92,incison of mouth unspecified structure 
27.99,other operation on oral cavity 
28,incision and drainage of tonsil and peritonsilar structures 
28.11,biopsy of tonsil and adenoid 
28.19,other diagnostic procedureson tonsil and adenoids 
28.2,tonsillectomy without adennoidectomy 
28.3,tonsillectomy with adennoidectomy 
28.4,excision of tonsil tag 
28.5,excision of lingual tonsil 
28.6,adenoidectomy without tonsillectomy 
28.7,control of hemmorhage after tosillectomy and adenoidectomy 
28.91,removal of foreign body from tonsil and adenoid by incision 
28.92,excision of lesion of tonsil and adenoid 
28.99,other operations on tonsils and adenoids 
29,Pharyngotomy 
29.1,Lysis of cortical adhesions 
29.11,Pharyngoscopy 
29.12,Pharyngeal biopsy 
29.19,Other diagnostic procedures on pharynx 
29.2,Repair of brain 
29.2,excision on branchial cleft cyst or vestige 
29.3,Implantation of intracranial neurostimulator 
29.3,excision or destruction of lesion or tissue of pharynx 
29.31,cricopharyngeal myotomy 
29.32,pharyngeal diverticulectomy 
29.33,pharyngectomy (partial) 
29.39,other excision or destruction of lesion or tissue of pharynx 
29.4,Insertion or replacement of skull tongs or halo traction 
29.4,plastic operation of pharynx 
29.5,Removal of skull tongs or halo travtion device 
29.51,suture of laceration of pharynx 
29.52,closure of branchial cleft fistula 
29.53,closure of other fistula of pharynx 
29.54,lysis of pharyngeal adhesion 
29.59,other repair of pharynx 
29.6,Insertion of sphenoidal electrodes 
29.9,Other operation on skull 
29.91,Dilation of pharynx 
29.92,division of glossopharyngeal nerve 
29.99,other operations on pharynx 
30.01,Marsupialization of laryngeal cyst 
30.09,Other excision or destruction of lesion or tissue or larynx 
30.1,Hemilaryngectomy 
30.1,Removal of foreign body from spinal canal 
30.2,Reopening of laminectomy site 
30.21,Epiglottidectomy 
30.22,Vocal cordectomy 
30.29,Other partial laryngectomy 
30.3,Complete laryngectomy 
30.4,Radical laryngectomy 
30.9,Other exploration and decompression of spinal canal 
31,Division of intraspinal nerve root 
31,Injection of larynx 
31.1,Temporary tracheostomy 
31.21,Mediastinal tracheostomy 
31.29,Other permanent Tracheostomy 
31.3,Other incision of larynx or trachea 
31.41,Tracheoscopy through artificial stoma 
31.42,Laryngoscopy and other tracheoscopy 
31.43,Closed [endoscopic] biopsy of larynx 
31.44,Closed (endoscopic) biopsy of trachea 
31.45,Open biopsy of larynx or trachea 
31.48,Other diagnostic procedures on larynx 
31.49,Other diagnostic procedures on trachea 
31.5,Local excision or destruction of lesion or tissue of trachea 
31.61,Suture of laceration of larynx 
31.62,Closure of fistula of larynx 
31.63,Revision of laryngostomy 
31.64,Repair of laryngeal fracture 
31.69,Other repair of larynx 
31.71,Suture of laceration of trachea 
31.72,Closure of external fistula of trachea 
31.73,Closure of other fistula of trachea 
31.74,Revision of tracheostomy 
31.75,Reconstruction of trachea and construction of artificial larynx 
31.79,Other repair and plastic operations of trachea 
31.91,Division of laryngeal nerve 
31.92,Lysis of adhesions of trachea or larynx 
31.93,Replacement of laryngeal or tracheal stent 
31.94,Injection of locally acting therapeutic substance into trachea 
31.95,Tracheoesophangeal fistulization 
31.98,Other operations on larynx 
31.99,Other operations on trachea 
32.01,Endoscopic excision or destruction of lesion or tissue of bronchus 
32.09,Other local excision or destruction of lesion or tissue of bronchus 
32.1,Percutaneus chordotomy 
32.1,Other excision of bronchus 
32.2,Thoracoscopic excision of lesion or tissue of lung 
32.21,Plication of emphysematous bleb 
32.22,Lung volume reduction surgery 
32.23,Open ablation of lung lesion or tissue 
32.24,Percutaneous ablation of lung lesion or tissue 
32.25,Thoracoscopic ablation of lung lesion or tissue 
32.26,Other and unspecified ablation of lung lesion or tissue 
32.28,Endoscopic excision or destruction of lesion or tissue of lung 
32.29,Other local excision or destruction of lesion or tissue of lung 
32.3,Segmental resection of lung 
32.3,Thoracoscopic segmental resection of lung 
32.39,Other and unspecified segmental resection of lung 
32.4,Lobectomy of lung 
32.41,Thoracoscopic lobectomy of lung 
32.49,Other lobectomy of lung 
32.5,Complete pneumonectomy 
32.5,Thoracoscopic pneumonectomy 
32.59,Other and unspecified pneumonectomy 
32.6,Radical dissection of thoracic structures 
32.9,Other excision of lung 
32.9,Other chordotomy 
33,Incision of bronchus 
33,Incision of bronchus 
33.1,Incision of lung 
33.1,Spinal tap 
33.2,Biopsy of spinal cord or spinal meninges 
33.2,Thoracoscopic lung biopsy 
33.21,Bronchoscopy through artificial stoma 
33.22,Fiber-optic bronchoscopy 
33.23,Other bronchoscopy 
33.24,Closed [endoscopic] biopsy of bronchus 
33.25,Open biopsy of bronchus 
33.26,Closed [percutaneous] [needle] biopsy of lung 
33.27,Endoscopic biopsy of lung (closed) 
33.28,Open biopsy of lung 
33.29,Other diagnostic procedures on lung and bronchus 
33.31,Destruction of phrenic nerve for collapse of lung 
33.32,Artificial pneumothorax for collapse of lung 
33.33,Pneumoperitoneum for collapse of lung 
33.34,Thoracoplasty 
33.39,Other surgical for collapse of lung 
33.41,Suture of laceration of bronchus 
33.42,Closure of bronchial fistula 
33.43,Closure of laceration of lung 
33.48,Other repair and plastic operations of bronchus 
33.49,Other repair and plastic operations of lung 
33.5,Lung transplant 
33.5,Lung transplantation not otherwise specified 3351 
33.5,"Lung Transplantation, not otherwise specified "
33.51,Uniteral lung transplantation 
33.52,Bilatera lung transplantation 
33.6,Combined heart-lung transplantation 
33.71,Endoscopic insertion or replacement of bronchial valve(s) 
33.72,Endoscopic pulmonary airway flow measurement 
33.73,"Endoscopic insertion or replacement of bronchial valve(s), multiple lobes "
33.78,Endoscopic removal of bronchial device(s) or substances 
33.79,Endoscopic insertion of other bronchial device or substances 
33.9,Other diagnostic procedures on spinal cord and spinal 
33.91,Bronchial dilation 
33.92,Ligation of bronchus 
33.93,Puncture of lung 
33.98,Other operations on bronchus 
33.99,Other operations on lung 
34,Excision or destruction of lesion of spinal cord or spinal meninges 
34.01,Incission of chest wall 
34.02,Exploratory thoracotomy 
34.03,Reopening of recent thoracotomy site 
34.04,Insertion of intercostal catheter for drainage 
34.05,Creation of pleuroperitoneal shunt 
34.06,Thoracoscopic drainage of pleural cavity 
34.09,Other incision of pleura 
34.1,Incision of mediastinum 
34.2,Thoracoscopic pleural biopsy 
34.21,Transpleural thoracoscopy 
34.22,Mediastinoscopy 
34.23,Biopsy of chest wall 
34.24,Pleural biopsy 
34.25,Closed (percutaneous) (needle) biopsy of mediastinum 
34.26,Open mediastinum biopsy 
34.27,Biopsy of diaphragm 
34.28,Other diagnostic procedures on chest wall pleura mediastinum and diaphragm 
34.29,Other diagnostic procedures on mediastinum 
34.3,Excision or destruction of lesion or tissue on mediastinum 
34.4,Excision or destruction of lesion of chest wall 
34.51,Decortication of lung 
34.52,Thoracoscopic decortication of lung 
34.59,Other excision of pleura 
34.6,Scarification of pleura 
34.71,Suture of chest wall laceration 
34.72,Closure of thoracostomy 
34.73,Closure of other fistula of thorax 
34.74,Repair of pectus deformity 
34.79,Other repair of chest wall 
34.81,Excision of lesion or tissue of diaphragm 
34.82,Suture of laceration of diaphragm 
34.83,Closure of fistula of diaphragm 
34.84,Other repair of diaphragm 
34.85,Implantation of diaphragmatic pacemaker 
34.89,Other operations on diaphragm 
34.91,Thoracentesis 
34.92,Injection into thoracic cavity 
34.93,Repair of pleura 
34.99,Other opraetion on thorax 
35,Closed heart valvotomy unspecified valve 
35,"Closed heart valvotomy, unspecified valve "
35.01,Closed heart valvotomy aortic valve 
35.02,Closed heart valvotomy mitral valve 
35.03,Closed heart valvotomy pulmonary valve 
35.04,Closed heart valvotomy tricuspid valve 
35.1,Open heart valvuloplasty without replacement unspecified valve 
35.1,Repair of spinal meningocele 
35.1,"Open heart valvuloplasty without replacement, unspecified valve "
35.11,Open heart valvuloplasty of aortic valve without replacement 
35.12,Open heart valvuloplasty of mitral valve without replacement 
35.13,Open heart valvuloplasty of pulmonary valve without replacement 
35.14,Open heart valvuloplasty of tricuspid valve without replacement 
35.2,Replacement of unspecified heart valve 
35.2,Repair of spinal myelomeningocele 
35.2,Replacement of unspecified heart valve 
35.21,Replacement of aortic valve with tissue graft 
35.22,Other replacement of aortic valve 
35.23,Replacement of mitral valve with tissue graft 
35.24,Other replacement of mitral valve 
35.25,Replacement of pulmonary valve with tissue graft 
35.26,Other replacement of pulmonary valve 
35.27,Replacement of tricusopid valve with tissue graft 
35.28,Other replacement of tricusopid valve 
35.3,Repair of vertebral fracture 
35.31,Operations on papillary muscle 
35.32,Operations on chordae tendineae 
35.33,Annuloplasty 
35.34,Influndibulectomy 
35.35,Operations on trabeculae corneae cordis 
35.39,Operations on other structures adjacent to valves of heart 
35.41,Enlargement of existing atrial septal defect 
35.42,Creation of septal defect in heart 
35.5,Repair of unspecified septal defect of heart with prothesis 
35.5,Repair of unspecified septal defect of heart with prosthesis 
35.51,Repair of atrial septal defect with prosthesis open technique 
35.52,Repair of atrial septal defect with prosthesis closed technique 
35.53,Repair ventricular septal defect with prosthesis 
35.54,Repair of endocardial cushion defect with prosthesis 
35.55,"Repair of ventricular septal defect with prosthesis, closed technique "
35.6,Repair of unspecified septal defect of heart with tissue graft 
35.6,Repair of unspecified septal defect of heart with tissue graft 
35.61,Repair of atrial septal defect with tissue graft 
35.62,Repair of ventricular septal defect with tissue graft 
35.63,Repair of endocardial cushion defect with tissue graft 
35.7,Other and unspecified repair of unspecified septal defect of heart 
35.7,Other and unspecified repair of unspecified septal defect of heart 
35.71,Other and unspecified repair of atrial septal defect 
35.72,Other and unspecified repair of ventricular septal defect 
35.73,Other and unspecified repair of endocardial cushion defect 
35.81,Total repair of tetralogy of fallot 
35.82,Total repair of total anomalous pulmonary venous connection 
35.83,Total repair of truncus arteriosus 
35.84,Total correction of transposition of great vessels not otherwise specified 
35.9,Other repair and plastic operations on spinal cord 
35.91,Interatrial transposition of venous return 
35.92,Creation of conduit between right ventricle and pulmonary artery 
35.93,Creation of conduit between left ventricle and aorta 
35.94,Creation of conduit between atrium and pulmonary artery 
35.95,Revision of corrective procedure on heart 
35.96,Percutaneous valvuloplasty 
35.98,Other operations on septa of heart 
35.99,Other operations on valves of heart 
36,Lysis of adhesions of spinal cord and nerve roots 
36.01,Single vessel percutaneous transluminal coronary angioplasty [PTCA] or coronary atherectomy without mention of thrombolytic agent 
36.02,Single vessel percutaneous transluminal coronary angioplasty [PTCA] or coronary atherectomy with mention of thrombolytic agent 
36.03,Open chest coronary artery angioplasty 
36.04,Intracoronary artery thrombolytic infusion 
36.05,Multiple vessel percutaneous transluminal coronary 
36.06,Insertion of coronary artery stent(s) 
36.07,Insertion of drug -eluting coronary artery stent(s) 
36.09,Other removal of coronary artery obstruction 
36.1,Aortocoronary bypass for heart revascularization not otherwise specified 
36.1,"Aortocoronary bypass for heart revascularization, not otherwise specified "
36.11,Aortocoronary bypass of one coronary artery 
36.12,Aortocoronary bypass of two coronary arteries 
36.13,Aortocoronary bypass of three coronary arteries 
36.14,Aortocoronary bypass of four or more coronary arteries 
36.15,Single internal Mammary-coronary artery bypass 
36.16,Double internal Mammary-coronary artery bypass 
36.17,Abdominal-coronary artery bypass 
36.19,Other bypass anastomosis for heart revascularization 
36.2,Heart revascularization by arterial implant 
36.3,Other heart revascularization 
36.31,Open chest transmyocardial revascularization 
36.32,Other transmyocardial revascularization 
36.33,Endoscopic transmyocardial revascularization 
36.34,Percutaneous transmyocardial revascularization 
36.39,Other heart revascularization 
36.91,Repair of aneurysm of coronary vessel 
36.99,Other operations on vessels of heart 
37,Pericardiocentesis 
37.1,Incision of heart not otherwise specified 
37.11,Cardiotomy 
37.12,Pericardiotomy 
37.2,Spinal subarachnoid-ureteral shunt 
37.2,Noninvasive programmed electrical stimulation (NIPS) 
37.21,Right heart cardiac catheterization 
37.22,Left heart cardiac catheterization 
37.23,Combined right and left heart cardiac catheterization 
37.24,Biopsy of pericardium 
37.25,Biopsy of heart 
37.26,Cardiac electrophysiologic stimulation and recording studies 
37.27,Cardiac mapping 
37.28,Intracardial echocardiography 
37.29,Other diagnostic procedures on heart and pericardium 
37.31,Pericardiectomy 
37.32,Excision of aneurysm of heart 
37.33,Excision of destruction on other lesion or tissue of heart 
37.34,Catheter ablation of lesion or tissues of heart 
37.35,Partial ventriculectomy 
37.36,Excision or destruction of left atrial appendage (LAA) 
37.4,Repair of heart and pericardium 
37.41,Implantation of prosthetic cardiac support device around the heart 
37.49,Other repair of heart and pericardium 
37.5,Heart transplantation 
37.51,Heart transplantation 
37.52,Implantation of total internal biventricular heart replacement heart system 
37.53,Replacement or repair of thoracic unit of (total) replacement heart system 
37.54,Replacement or repair of other implantable component of (total) replacement heart system 
37.55,Removal of internal biventricular heart replacement system 
37.6,Implantation or insertion of biventricular external heart assist system 
37.61,Implant of pulsation baloon 
37.62,Implant of other heart assist system 
37.63,Replacement and repair of heart assist system 
37.64,Removal of heart assist system 
37.65,Implant of external pulsatile heart assist system 
37.66,Implant of an implantable pulsatile heart assist system 
37.67,Implantation of cardiomyostimulation system 
37.68,Insertion of pertaneous external heart assist device 
37.7,Initial insertion of lead [electrode] not otherwise specified 
37.7,"Initial insertion of lead (electrode), not otherwise specified "
37.71,Initial insertion of transvenous lead [electrode] into ventricle 
37.72,Initial insertion of transvenous leads [electrodes] into atrium 
37.73,Initial insertion of transvenous lead [electrode] into atrium 
37.74,Insertion of replacement of epicardial lead [electrode] into epicardium 
37.75,Revision of lead [electrode] 
37.76,Replacement of transvenous atrial and/or ventricular lead(s)[electrode] 
37.77,Removal of lead(s)[electrode] without replacement 
37.78,"Insertion, replacement, removal and revision of pacemaker device "
37.79,Revision or relocation of pacemaker pocket 
37.8,"Insertion of permanent pacemaker, initial or replacement, type of device not specified "
37.81,Initial insertion of single-chamber device not specified as rate responsive 
37.82,Initial insertion of single-chamber device rate responsive 
37.83,Initial insertion of dual-chamber device 
37.85,Replacement of any type of pacemaker device with single-chamber device not specified as rate responsive 
37.86,Replacement of any type of pacemaker device with single-chamber device rate responsive 
37.87,Replacement of any type pacemaker device with dual-chamber device 
37.89,Revision or removal of pacemaker device 
37.9,Other shunt of spinal theca 
37.9,Insertion of left atrial appendage device 
37.91,Open chest cardiac massage 
37.92,Injection of therapeutic substance into heart 
37.93,Injection of therapeutic substance into pericardium 
37.94,Implantation or replacement of automatic cardioverter/defibrillator total system [AICD] 
37.95,Implantation of automatic cardioverter/defibrillator with lead(s) only 
37.96,Implantation of automatic cardioverter/defibrillator pulse generator only 
37.97,Replacement of automatic cardioverter/defibrillator with lead(s) only 
37.98,Replacement of automatic cardioverter/defibrillator pulse generator only 
37.99,Other oprations on heart and pericardium 
38,Incision of vessel unspecified site 
38,Incision of vessel 
38,Injection of destructive agent into spinal canal 
38,"Incision of vessel, unspecified site "
38.01,Incision of vessel intracranial vessels 
38.02,Incision of vessel other vesel of head and neck 
38.03,Incision of vessel upper limb vessels 
38.04,Incision of vessel aorta abdominal 
38.05,Incision of vessel thoracic vessels 
38.06,Incision of vessel abdominal arteries 
38.07,Incision of vessel abdominal veins 
38.08,Incision of vessel lower limb arteries 
38.09,Incision of vessel lower limb veins 
38.1,Endarterectomy unspecified site 
38.1,"Endarterectomy, unspecified site "
38.11,Endarterectomy intracranial vessels 
38.12,Endarterectomy other vesel of head and neck 
38.13,Endarterectomy upper limb vessels 
38.14,Emdarterectopmy aorta abdominal 
38.15,Endarterectomy thoracic vessels 
38.16,Endarterectomy abdominal arteries 
38.18,Endarterectomy lower limb arteries 
38.21,Biopsy of blod vessels 
38.22,Percutaneous angioscopy 
38.23,Intravascular spectroscopy 
38.24,Intravascular imaging of coronary vessel(s) by optical coherence tomography [OCT] 
38.25,Intravascular imaging of non-coronary vessel(s) by optical coherence tomography [OCT] 
38.29,Other diagnostic procedures on blood vessels 
38.3,Resection of vessel with anastomosis unspecified site 
38.3,"Resection of vessel with anastomosis, unspecified site "
38.31,Resection of vessel with anastomosis intracranial vessels 
38.32,Resection of vessel with anastomosis other vesel of head and neck 
38.33,Resection of vessel with anastomosis upper limb vessels 
38.34,Resectin of vessel with anastomosis aorta abdominal 
38.35,Resection of vessel with anastomosis thoracic vessels 
38.36,Resection of vessel with anastomosis abdominal arteries 
38.37,Incision of vessel abdominal arteries 
38.38,Resection of vessel with anastomosis lower limb arteries 
38.39,Resection of vessel with anastomosis lower limb veins 
38.4,Resection of vessel with replacement unspecified site 
38.4,"Resection of vessel with replacement, unspecified site "
38.41,Resection of vessel with replacement intracranial vessels 
38.42,Resection of vessel with replacement other vesel of head and neck 
38.43,Resection of vessel with replacement upper limb vessels 
38.44,Resectin of vessel with replacement aorta abdominal 
38.45,Resection of vessel with replacement thoracic vessels 
38.46,Resection of vessel with replacement abdominal arteries 
38.47,Resection of vessel with replacement abdominal veins 
38.48,Resection of vessel with replacement lower limb arteries 
38.49,Resection of vessel with replacement lower limb veins 
38.5,Ligation and stripping of varicose veins unspecified site 
38.5,"Ligation and stripping of varicose veins, unspecified site "
38.51,Ligation and stripping of varicose veins intracranial vessels 
38.52,Ligation and stripping of varicose veins other vesel of head and neck 
38.53,Ligation and stripping of varicose veins upper limb vessels 
38.55,Ligation and stripping of varicose veins thoracic vessels 
38.57,Ligation and stripping of varicose veins abdominal veins 
38.59,Ligation and stripping of varicose veins lower limb veins 
38.6,Other excision of vessel unspecified site 
38.6,"Other excision of vessels, unspecified site "
38.61,Other excision of vessel intracranial vessels 
38.62,Other excision of vessel other vesel of head and neck 
38.63,Other excision of vessel upper limb vessels 
38.64,Other excision of vessel aorta abdominal 
38.65,Other excision of vessel thoracic vessels 
38.66,Other excision of vessel abdominal arteries 
38.67,Other excision of vesselabdominal veins 
38.68,Other excision of vessel lower limb arteries 
38.69,Other excision of vessel lower limb veins 
38.7,Interruption of the vena cava 
38.8,Other surgical occlusion of vessels 
38.8,"Other surgical occlusion of vessels, unspecified site "
38.81,"Other surgical occlusion of vessels,intracranial vessels "
38.82,"Other surgical occlusion of vessels, other vessels of head and neck "
38.83,"Other surgical occlusion of vessels, upper limb vessels "
38.84,"Other surgical occlusion of vessels, aorta, abdominal "
38.85,"Other surgical occlusion of vessels, other thoracic vessels "
38.86,"Other surgical occlusion of vessels, abdominal arteries "
38.87,"Other surgical occlusion of vessels, abdominal veins "
38.88,"Other surgical occlusion of vessels, lower limb arteries "
38.89,"Other surgical occlusion of vessels, lower limb veins "
38.91,Arterial catheterization 
38.92,Umbilical vein catheterization 
38.93,"Venous catheterization, not elsewhere classified "
38.94,Venous cutdown 
38.95,Venous catheterization for renal dialysis 
38.97,Central venous catheter placement with guidance 
38.98,Other puncture of artery 
38.99,Other puncture of vein 
39,Insertion of catheter into spinal canal for infusion 
39,Systemic to pulmonary artery shunt 
39,Systemic to pulmonary artery shunt 
39.1,Intra abdominal venous shunt 
39.1,Injection of anesthetic into spinal canal for analgessia 
39.2,Injection of other agent into spinal canal 
39.2,Other shunt or vascular bypass 
39.21,Caval-pulmonary artery anastomosis 
39.22,Aorta subclavian carotid by pass 
39.23,Other intra thoracic vascular shunt or by pass 
39.24,Aorta renal bypass 
39.25,Aorta -iliac- femoral by pass 
39.26,Other intra abdomial vascular shunt or by pass 
39.27,Arteriovenostomy for renal dialysis 
39.28,Extracranial-intracranial (EC-IC) vascular by pass 
39.29,Other (peripheral) vascular shunt or bypass 
39.3,Suture of vessel 
39.3,Insertion or replacement of spinal neurostimulator 
39.3,Suture of unspecified blood vessel 
39.31,Suture of artery 
39.32,Suture of vein 
39.4,Removal of spinal neurostimulator 
39.41,Control of hemmorhage following vascular surgery 
39.42,Revision of arteriovenous shunt for renal dialysis 
39.43,Removal of arteriovenous shunt for renal dialysis 
39.49,Other revision of vascular procedures 
39.5,Spinal blood patch 
39.5,Angioplasty or atherectomy of non-coronary vessel 
39.5,Angioplasty or atherectomy of other non-coronary vessel(s) 
39.51,Clipping of anneurysm 
39.52,Other repair of aneurysm 
39.53,Repair of arteriovenous fistula 
39.54,Re-entry operation (aorta) 
39.55,Reimplantation of aberrant renal vessel 
39.56,Repair of blood vessel with tissue 
39.57,Repair of blood with synthetic patch graft 
39.58,Repair of blood vessel with unspecified type of patch graft 
39.59,Other repair of vessel 
39.6,Percutaneus denervation of facet 
39.6,Extracorporeal circulation and procedure auxialiary to heart 
39.61,Extracorporeal circulation auxiliary to open heart surgery 
39.62,Hypothermia (systemic) incidental to open heart surgery 
39.63,Cardioplegia 
39.64,Intraoperative cardiac pacemaker 
39.65,Extracorporeal membrane oxygenation 
39.66,Percutaneous cardiopulmonary bypass 
39.7,Revision of spinal thecal shunt 
39.71,Endovascular implantation of graft in abdominal aorta 
39.72,Endovascular repair or occlusion of head and neck vessels 
39.73,Endovascular implantation of graft in thoracic aorta 
39.74,Endovascular removal of obstruction from head and neck vessel (s) 
39.75,Endovascular embolization or occlusion of vessel(s) of head or neck using bare coils 
39.76,Endovascular embolization or occlusion of vessel(s) of head or neck using bioactive coils 
39.79,Other endovascular repair (of aneurysm) of other vessels 
39.8,Removal of spinal thecal shunt 
39.8,Operations on carotid body and other vascula bodies 
39.9,Other operations on vessel 
39.9,Other operation on spinal 
39.9,Insertion of non-drug -eluting peripheral vessel stent(s) 
39.91,Freeing the vessel 
39.92,Injection of sclerosing agent into vein 
39.93,Insertion of vessel-to-vessel canula 
39.94,Replacement of vessel-to-vessel canula 
39.95,Hemodialysis 
39.96,Total body perfusion 
39.97,Other perfusion 
39.98,"Control of hemorrhage, not otherwise specified "
39.99,Other operations of vessels 
4,Incision division and excision of cranial 
40,Incision of lymphatic structures 
40,Incision of lymphatic structures 
40.1,Excision of acoustic neuroma 
40.11,Biopsy of lymphatic structures 
40.19,Other diagnostic procedures on lymphatic structures 
40.2,Division of trigeminal nerve 
40.21,Excision of deep cervial lymph node 
40.22,Excision of internal mammary lymph node 
40.23,Excision of axillary lymph node 
40.24,Excision of inguinal lymph node 
40.29,Simple excision of other lymphatic structure 
40.3,Division or crushing of other cranial and peripheral 
40.3,Regional lymph node excsion 
40.4,Other incision of cranial and peripheral nerves 
40.4,Radical neck dissection not otherwise specified 
40.41,Radical neck dissection unilateral 
40.42,Radical neck dissection bilateral 
40.5,Radical excision of lymph nodes not otherwise specified 
40.5,Gasserian ganglionectomy 
40.5,"Radical excision of lymph nodes, not otherwise specified "
40.51,Radical excision of axillary lymph nodes 
40.52,Radical excision of periaortic lymph nodes 
40.53,Radical excision of iliac lymph nodes 
40.54,Radical groin dissection 
40.59,Radical excision of other lymph nodes 
40.6,Other cranial or peripheral ganglionectomy 
40.61,Cannulation of thoracic duct 
40.62,Fistulization of thoracic duct 
40.63,Closure of fistula of thoracic duct 
40.64,Ligation of thoracic duct 
40.69,Other operations on thoracic duct 
40.7,Other excision or avulsion of cranial and peripheral 
40.9,Other operations on lymphatic structures 
41,Bone marrow transplant not otherwise specified 
41,Diagnostic procedural on peripheral nervous system 
41,"Bone marrow transplant, not otherwise specified "
41.01,Autologous bone marrow transplant 
41.02,Allogeneic bone marrow transplant with purging 
41.03,Allogeneic bone marrow transplant without purging 
41.04,Autologous hematopoietic stem cell transplant 
41.05,Allogeneic hematopoietic stem cell transplant 
41.06,Cord blood stem cell transplant 
41.07,Autologous hematopoietic stem cell transplant with purging 
41.08,Allogeneic hematopoietic stem cell transplant with purging 
41.09,Autologous bone marrow transplant with purging 
41.1,Close (percutaneous) (needle) biopsy of cranial or peripheral 
41.2,Open biopsy of cranial or peripheral nerve or ganglion 
41.2,Splenotomy 
41.31,Biopsy of bone marrow 
41.32,Closed (aspiration) (percutaneous) biopsy of spleen 
41.33,Open biopsy of spleen 
41.38,Other diagnostic procedures on bone marrow 
41.39,Other diagnostic procedures on spleen 
41.41,Marsupialization of splenic cyst 
41.42,Excision of lesion or tissue of spleen 
41.43,Partian splenectomy 
41.5,Total splenectomy 
41.9,Other diagnostic procedures on cranial and peripheral 
41.91,Aspiration of bone marrow from donor for transplant 
41.92,Injection into bone marrow 
41.93,Excision of accessory spleen 
41.94,Transplantation of spleen 
41.95,Repair and plastic operations on spleen 
41.98,Other operations on bone marrow 
41.99,Other operations on spleen 
42,Destruction of cranial and peripheral nerves 
42.01,Incision of eshopageal web 
42.09,Other incision of esophagus 
42.1,Esophagostomy not otherwise specified 
42.1,"Esophagostomy, not otherwise specified "
42.11,Cervical esophagostomy 
42.12,Exteriorization of esopagheal pouch 
42.19,Other external fistulization of esophagus 
42.21,Operative esophagoscopy by incision 
42.22,Esophagoscopy through artificial stoma 
42.23,Other esophagoscopy 
42.24,Closed (endoscopic) biopsy of esophagus 
42.25,Open biopsy of esophagus 
42.29,Other diagnostic procedures on esophagus 
42.31,Local excision of esophageal diverticulum 
42.32,Local excision of other lesion or tissue of esophagus 
42.33,Endoscopic excision or destruction of lesion or tissue of esophagus 
42.39,Other destruction of lesion or tissue of esophagus 
42.4,Esophagectomy not otherwise specified 
42.4,"Esophagectomy, not otherwise specified "
42.41,Partial esophagectomy 
42.42,Total esophagectomy 
42.51,Intrathoracic esophagoesophagostomy 
42.52,Intrathoracic esophagogastrostomy 
42.53,Intrathoracic esophageal anastomosis with interposition of small bowel 
42.54,Other intrathoracic esophagoenterostomy 
42.55,Intrathoracic esophageal anastomosis with interposition of colon 
42.56,Other intrathoracic esophagocolostomy 
42.58,Intrathoracic esophageal anastomosis with other interposition 
42.59,Other intrathoracic anastomosis of esophagus 
42.61,Antesternal esophagoesophagostomy 
42.62,Antesternal esophagogastrostomy 
42.63,Antesternal esophageal anastomosis with interposition of small bowel 
42.64,Other antesternal esophagoenterostomy 
42.65,Antesternal esophageal anastomosis with interposition of colon 
42.66,Other antesternal esophagocolostomy 
42.68,Antesternal esophageal anastomosis with interposition 
42.69,Other antesternal anastomosis of esophagus 
42.7,Esophagomyotomy 
42.81,Insertion of permanent tube into esophagus 
42.82,Suture of laceration of esophagus 
42.83,Closure of esophagostomy 
42.84,Repair of esophageal fistula not elsewhere classified 
42.85,Repair of esophageal structure 
42.86,Production of subcutaneous tunnel without esophageal anastomosis 
42.87,Other graft of esopagus 
42.89,Other repair of esopagus 
42.91,Ligation of esophageal varices 
42.92,Dilation of esophagus 
42.99,Other operations on esophagus 
43,Suture of cranial and peripheral nerves 
43,Gastrotomy 
43.11,Percutaneous (endoscopic) gastrostomy (PEG) 
43.19,Other gastrostomy 
43.3,Pyloromyotomy 
43.41,Endoscopic excision or destruction of lesion or tissue of stomach 
43.42,Local excision of other lesion or tissue of stomach 
43.49,Other destruction of lesion or tissue of stomach 
43.5,Partial gastrectomy with anastomosis to esophagus 
43.6,Partial gastrectomy with anastomosis to duodenum 
43.7,Partial gastrectomy with anastomosis to jejunum 
43.81,Partial gastrectomy with jejunal transposition 
43.89,Other partial gastrectomy 
43.91,Total gastrectomy with intestinal interposition 
43.99,Other total gastrectomy 
44,Vagotomy not otherwise specified 
44.01,Truncal vagotomy 
44.02,Highly selective vagotomy 
44.03,Other selective vagotomy 
44.11,Transabdominal gastroscopy 
44.12,Gastroscopy through artificial stoma 
44.13,Other gastroscopy 
44.14,Closed biopsy of stomach (endoscopic) 
44.15,Open biopsy of stomach 
44.19,Other diagnostic procedures on stomach 
44.2,Other cranial nerve decompression 
44.21,Dilation of pylorus by incision 
44.22,Endoscopic dilation of pylorus 
44.29,Other pyloroplasty 
44.3,Release of carpal tunnel 
44.31,High gastric bypass 
44.32,Percutaneous [endoscopic] gastrojejunustomy 
44.38,Laparoscopic gastroenterostomy 
44.39,Other gastroenterostomy 
44.4,Release of tarsal tunnel 
44.4,Suture of peptic ulcer not otherwise specified 
44.4,"Suture of peptic ulcer, not otherwise specified "
44.41,Suture of gastric ulcer site 
44.42,Suture of duodenal ulcer site 
44.43,Endoscopic control of gastric or duodenal bleeding 
44.44,Transcatheter embolization for gastric or duodenal bleeding 
44.49,Other control of hemorrhage of stomach or duodenum 
44.5,Revision of gastric anastomosis 
44.61,Suture of laceration of stomach 
44.62,Closure of gastrostomy 
44.63,Closure of other gastric fistula 
44.64,Gastropexy 
44.65,Esophagogastroplasty 
44.66,Other procedures for creation of esophagogastric sphincteric competence 
44.67,Laparoscopic procedures for creation of esophagogastric spincteric competence 
44.68,Laparoscopic gastroplasy 
44.69,Other repair of stomach 
44.9,Other peripheral nerve or ganglion decompression or lysis 
44.91,Ligation of gastric varices 
44.92,Intraoperative manipulation of stomach 
44.93,Insertion of gastric bubble (balloon) 
44.94,Removal of gastric bubble (balloon) 
44.95,laparoscopic gastric restricve procedure 
44.96,laparoscopic revision of gastric restrictive procedure 
44.97,laparoscopic removal of gastric restrictive device(s) 
44.98,(Laparoscopic) adjustment of size of adjustable gastric restrictive device 
44.99,Other oparations on stomach 
45,Incision of intestine not otherwise specified 
45,Cranial or peripheral nerve graft 
45,"Incision of intestine, not otherwise specified "
45.01,Incision of duodenum 
45.02,Other incision of small intestine 
45.03,Incision of large intestine 
45.11,Transabdominal endoscopy of small intestine 
45.12,Endoscopy of small intestine through artificial stoma 
45.13,Other Endoscopy Of Small Intestine 
45.14,Closed biopsy of small intestine (endoscopic) 
45.15,Open biopsy of small intestine 
45.16,Esophagogastroduodenoscopy (EGD) with closed biopsy 
45.19,Other diagnostic procedures on small intestine 
45.21,Transabdominal endoscopy of large intestine 
45.22,Endoscopy of large intestine through artificial stoma 
45.23,Colonoscopy 
45.24,Flexible sigmoidoscopy 
45.25,Closed [endoscopic] biopsy of large intestine 
45.26,Open biopsy of large intestine 
45.27,"Intestinal biopsy, site unspecified "
45.28,Other diagnostic procedures on large intestine 
45.29,"Other diagnostic procedures on intestine, site unspecified "
45.3,Endoscopic excision or destruction of lesion of duodenum 
45.31,Other local excision or destruction of lesion of duodenum 
45.32,Other destruction of lesion of duodenum 
45.33,Local excision of lesion or tissue of small intestine except duodenum 
45.34,Other destruction of lesion or tissue of small intestine except duodenum 
45.41,Excision of lesion or tissue of large intestine 
45.42,Endoscopic polypectomy of large intestine 
45.43,Endoscopic excision or destruction of other lesion or tissue of large intestine 
45.49,Other destrudtion of lesion of large intestine 
45.5,Isolation of intestinal segment not otherwise specified 
45.5,"Isolation of intestinal segment, not otherwise specified "
45.51,Isolation of segment of small intestine 
45.52,Isolation of segment of large intestine 
45.61,Multiple segmental resection of small intestine 
45.62,Other partial resection of small intestine 
45.63,Total removal of small intestine 
45.71,Multiple segmental resection of large intestine 
45.72,Cecectomy 
45.73,Right hemicolectomy 
45.74,Resection of transverse colon 
45.75,Left hemicolectomy 
45.76,Sigmoidectomy 
45.79,Other partial excision of large intestine 
45.8,Total intra-abdominal colectomy 
45.81,Laparoscopic total intra-abdominal colectomy 
45.82,Open total intra-abdominal colectomy 
45.83,Other and unspecified total intra-abdominal colectomy 
45.9,"intestinal anastomosis,not otherwise specified "
45.91,Small-to-small intestinal anastomosis 
45.92,Anastomosis of small intensite to rectal stump 
45.93,Other small-to-large intestinal anastomosis 
45.94,Large-to-large intestinal anastomosis 
45.95,Anastomosis to anus 
46,Transposition of cranial and peripheral nerves 
46.01,Exteriorization of small intestine 
46.02,Resection of exteriorized segment of small intestine 
46.03,Exteriorization of large intestine 
46.04,Resection of exteriorized segment of large intestine 
46.1,"Colostomy, not otherwise specified "
46.11,Temporary colostomy 
46.13,Permanent colostomy 
46.14,Delayed opening of colostomy 
46.2,"Ileostomy, not otherwise specified "
46.21,Temporary ileostomy 
46.22,Continent ileostomy 
46.23,Permanent ileostomy 
46.24,Delayed opening of ileostomy 
46.31,Delayed opening of other enterostomy 
46.32,Percutaneous (endoscopic) jejunostomy (PEJ) 
46.39,Other enterostomy 
46.4,Revision of intestinal stoma not otherwise specified 
46.4,"Revision of intestinal stoma, not otherwise specified "
46.41,Revision of stoma of small intestine 
46.42,Repair of pericolostomy hernia 
46.43,Other revision of stoma of large intestine 
46.5,Closure of intestinal stoma not otherwise specified 
46.5,"Closure of intestinal stoma, not otherwise specified "
46.51,Closure of stoma of small intestine 
46.52,Closure of stoma of large intestine 
46.6,Fixation of intestine not otherwise specified 
46.6,"Fixation of intestine, not otherwise specified "
46.61,Fixation of small intestine to abdominal wall 
46.62,Other fixation of small intestine 
46.63,Fixation of large intestine to abdominal wall 
46.64,Other fixation of large intestine 
46.71,Suture of laceration of duodenum 
46.72,Closure of fistula of duodenum 
46.73,Suture of laceration of small intestine except duodenum 
46.74,Closure of fistula of small intestine except duodenum 
46.75,Suture of laceration of large intestine 
46.76,Closure of fistula of large intestine 
46.79,Other repair of intestine 
46.8,Intra-abdominal manipulation of intestine not otherwise specified 
46.8,"Intra-abdominal manipulation of intestine, not otherwise specified "
46.81,Intra-abdominal manipulation of small intestine 
46.82,Intra-abdominal manipulation of large intestine 
46.85,Dilation of intestine 
46.91,Myotomy of sigmoid colon 
46.92,Myotomy of other parts of colon 
46.93,Revision of anastomosis of small intestine 
46.94,Revision of anastomosis of large intestine 
46.95,Local perfusion of small intestine 
46.96,Local perfusion of large intestine 
46.97,Transplat of intestine 
46.99,Other operations on intestines 
47,Other cranial or peripheral neuroplasty 
47.01,Laparoscopic appendectomy 
47.09,Other appendectomy 
47.1,Hypoglossal-facial anastomosis 
47.11,Laparoscopic incidental appendectomy 
47.19,Other incidental appendectomy 
47.2,Accessory-facial anastomosis 
47.2,Drainage of appediceal abscess 
47.3,Accessory-hypoglossal anastomosis 
47.4,Other anastomosis of cranial or peripheral nerve 
47.5,Revision of previous repair of cranial and peripheral nerves 
47.6,Repair of old traumatic injury of cranial and peripheral 
47.9,Other neuroplasty 
47.91,Appendicostomy 
47.92,Closure of appendiceal fistula 
47.99,Other operations on intestines 
48,Peripheral nerve injection NOS 
48,Injection into peripheral nerve 
48,Proctotomy 
48,Proctotomy 
48.1,Injection of anesthetic into perpheral nerve for analgesia 
48.1,Proctostomy 
48.21,Transabdominal proctosigmoidoscopy 
48.22,Proctosigmoidoscopy through artificial stoma 
48.23,Rigid proctosigmoidoscopy 
48.24,Closed [endoscopic] biopsy of rectum 
48.25,Open biopsy of rectum 
48.26,Biopsy of perirectal tissue 
48.29,"Other diagnostic procedures on rectum, rectosigmoid, and perirectal "
48.31,Radical electrocoagulation of rectal lesion or tissue 
48.32,Other electrocoagulation of rectal lesion or tissue 
48.33,Destruction of rectal lesion or tissue by laser 
48.34,Destruction of rectal lesion or tissue by cryosurgery 
48.35,Local excision of rectal lesion or tissue 
48.36,[Endoscopic] polypectomy of rectum 
48.4,"Pull-through resection of rectum, not otherwise specified "
48.41,Soave submucosal resection of rectum 
48.42,Laparoscopic pull-through resection of rectum 
48.43,Open pull-through resection of rectum 
48.49,Other pull-through resection of rectum 
48.5,Abdominoperineal resection of rectum 
48.5,"Abdominoperineal resection of the rectum, not otherwise specified "
48.51,Laparoscopic abdominoperineal resection of the rectum 
48.52,Open abdominoperineal resection of the rectum 
48.59,Other abdominoperineal resection of the rectum 
48.61,Transsacral rectosigmoidectomy 
48.62,Anterior resection of rectum with synchronous colostomy 
48.63,Other anterior resection of rectum 
48.64,Posterior resection of rectum 
48.65,Duhamel resection of rectum 
48.69,Other resection of rectum 
48.71,Suture of laceration of rectum 
48.72,Closure of proctostomy 
48.73,Closure of other rectal fistula 
48.74,Rectorectostomy 
48.75,Abdominal proctopexy 
48.76,Other proctopexy 
48.79,Other repair of rectum 
48.81,Incision of perirectal tissue 
48.82,Excision of perirectal tissue 
48.9,Injection of other agent except neurolytic 
48.91,Incision of rectal stricture 
48.92,Anorectal myectomy 
48.93,Repair of perirectal fistula 
48.99,Other opeartions on rectum and perirectal tissue 
49,Other operations on cranial and peripheral nerves 
49.01,Incision of perianal abscess 
49.02,Other incision of perianal tissue 
49.03,Excision of perianal skin tags 
49.04,Other excision of perianal tissue 
49.1,Neurectatasis 
49.11,Anal fistulotomy 
49.12,Anal fistulectomy 
49.2,Implantation of replecement of peripheral neurostimulator 
49.21,Anoscopy 
49.22,Biopsy of perianal tissue 
49.23,Biopsy of anus 
49.29,Diagnostic procedure on anus and perianal tissue 
49.3,Removal of peipheral neurostimulator 
49.31,Endoscopic excision or destruction of lesion or tissue of anus 
49.39,Other local excision or destruction of lesion or tissue of anus 
49.41,Reduction of hemorrhoids 
49.42,Injection of hemorrhoids 
49.43,Cauterization of hemorrhoids 
49.44,Destruction of hemorrhoids by cryotherapy 
49.45,Ligation of hemorrhoids 
49.46,Excision of hemorrhoids 
49.47,Evacuation of thrombosed hemorrhoids 
49.49,Other procedures on hemorrhoids 
49.51,Left lateral anal sphincterotomy 
49.52,Posterior anal sphincterotomy 
49.59,Other anal sphincterotomy 
49.6,Excision of anus 
49.71,Suture of laceration of anus 
49.72,Anal cerclage 
49.73,Closure of anal fistula 
49.74,Gracilis muscle transplant for anal incontinence 
49.75,Implantation or revision of artificial anal sphincter 
49.76,Removal of artificial anal sphincter 
49.79,Other repair of anal sphincter 
49.9,Other opertions on cranial 
49.91,Incision of anal spectum 
49.92,Insertion of subcutaneous electrical anal stimulator 
49.93,Other incision of anus 
49.94,Reduction of anal prolapse 
49.95,Control of (postoperative) hemorrhage of anus 
49.99,Other operations on anus 
5,Division of sympathetic nerve ganglion 
50,Hepatotomy 
50.11,Closed (percutaneus/needle) biopsy of liver 
50.12,Open biopsy of liver 
50.13,Transjugular liver biopsy 
50.14,Laparoscopic liver biopsy 
50.19,Other diagnostic procedures on liver 
50.21,Marsupialization of lesion of liver 
50.22,Partial hepatectomy 
50.23,Open ablation of liver lesion or tissue 
50.24,Percutaneous ablation of liver lesion or tissue 
50.25,Laparoscopic ablation of liver lesion or tissue 
50.26,Other and unspecified ablation of liver lesion or tissue 
50.29,Other destruction of lesion of liver 
50.3,Lobectomy of liver 
50.4,Total hepatectomy 
50.51,Auxiliary liver transplant 
50.59,Other transplant of liver 
50.61,Closure of leceration of liver 
50.69,Other repair of liver 
50.91,Percutaneous aspiration of liver 
50.92,Extracorporeal hepatic assistance 
50.93,Localized perfusion of liver 
50.94,Other injection of therapeutic substance into liver 
50.99,Other opeartions on liver 
51,Diagnostic procedures on sympathetic nerves or ganglia 
51.01,Percutaneus aspiration of gall bladder 
51.02,Trocar cholecystotomy 
51.03,Other cholecystotomy 
51.04,Other cholecystostomy 
51.1,Biopsy of sympathetic nerve ganglion 
51.1,Endoscopic retrograde cholangiopancreatography (ERCP) 
51.11,Endoscopic retrograde cholangiography (ERC) 
51.12,Percutaneous biopsy of gallbladder or bile ducts 
51.13,Open biopsy of gallbladder or bile ducts 
51.14,Other closed (endoscopic) biopsy of biliary duct or sphincter of Oddi 
51.15,Pressure measurement of sphincter of Oddi 
51.19,Other diagnostic procedures on biliary tract 
51.21,Other partial cholecystectomy 
51.22,Cholecystectomy 
51.23,Laparoscopic cholecystectomy 
51.24,Laparoscopic partial cholecystectomy 
51.31,Anastomosis of gallbladder to hepatic ducts 
51.32,Anastomosis of gallbladder to intestine 
51.33,Anastomosis of gallbladder to pancreas 
51.34,Anastomosis of gallbladder to stomach 
51.35,Other gallbladder anastomosis 
51.36,Choledochoenterostomy 
51.37,Anastomosis of hepatic duct to gastrointestinal tract 
51.39,Other bile duct anastomosis 
51.41,Common duct exploration for removal of calculus 
51.42,Common duct exploration for relief of other obstruction 
51.43,Insertion of choledochohepatic tube for decompression 
51.49,Incision of other bile ducts for relief of obstruction 
51.51,Exploration of common duct 
51.59,Incision of other bile duct 
51.61,Excision of cystic duct remnant 
51.62,Excision of ampullaof Vater (with reimplantation of common duct) 
51.63,Other excision of common duct 
51.64,Endoscopic excision or destruction of lesion of biliary ducts or sphincter of Oddi 
51.69,Excision of other bile duct 
51.71,Simple suture of common bile duct 
51.72,Choledochoplasty 
51.79,Repair of other bile ducts 
51.81,Dilation of sphincter of Oddi 
51.82,Pancreatic sphincterotomy 
51.83,Pancreatic sphincteroplasty 
51.84,Endoscopic dilation of ampulla and biliary duct 
51.85,Endoscopic sphincterotomy and papillotomy 
51.86,Endoscopic insertion of nasobiliary drainage tube 
51.87,Endoscopic insertion of stent (tube) into bile duct 
51.88,Endoscopic removal of stone(s) from biliary tract 
51.89,Other operations on sphincter of Oddi 
51.9,Other diagnostic procedures on sympathetic nerves or ganglia 
51.91,Repair of laceration of gallbladder 
51.92,Closure of cholecystostomy 
51.93,Closure of other biliary fistula 
51.94,Revision of anastomosis of biliary tract 
51.95,Removal of prosthetic device from bile duct nonoperative removal (9755) 
51.96,Percutaneous extraction of common duct stones 
51.98,Other percutaneous procedures on biliary tract 
51.99,Other opeartions on biliary tract 
52,Sympathetomy 
52.01,Drainage of pancreatic cyst by catheter 
52.09,Other pancreatotomy 
52.1,Sphenopalatine ganglionectomy 
52.11,Closed [aspiration] [needle][percutaneous] biopsy of pancreas 
52.12,Opern biopsy of pancreas 
52.13,Endoscopic retrograde pancreatography (ERP) 
52.14,Closed [endoscopic] biopsy of pancreatic duct 
52.19,Other diagnostic procedures of pancreas 
52.2,Cervical sympathectomy 
52.21,Endoscopic excision or destruction of lesion or tissue of pancreatic 
52.22,Other excision or destruction of lesion or tissue of pancreas or pancreatic duct 
52.3,Marsupialization of pancrteatic cyst drainage of cyst by catheter (5201) 
52.3,lumbar sympathectomy 
52.4,Internal drainage of pancreatic cyst 
52.4,Presacral sympathectomy 
52.5,Periarterial sympathectomy 
52.51,Proximal pancreatectomy 
52.52,Distal pancreatectomy 
52.53,Radical subtotal pancreatectomy 
52.59,Other partial pancreatectomy 
52.6,Total pancreatectomy 
52.7,Radical pancreaticoduodenectomy 
52.8,Pancreatic transplant not otherwise specified 
52.8,"Pancreatic transplant, not otherwise specified "
52.81,Reimplantation of pancreatic tissue 
52.82,Homotransplant of pancreas 
52.83,Heterotranplant of pancreas 
52.84,Autotransplantation of cells of islets of Langerhans 
52.85,Allotransplantation of cells of islets of Langerhans 
52.86,Transplantation of cells of islets of Langerhans 
52.9,Other sympathectomy and ganglionectomy 
52.92,Cannulation of pancreatic dust 
52.93,Endoscopic insertion of stent (tube) into pancreatic duct 
52.94,Endoscopic removal of stone(s) from pancreatic duct 
52.95,Other repair of pancreas 
52.96,Anastomosis of pancreas 
52.97,Endoscopic insertion of nasopancreatic drainage tube 
52.98,Endoscopic dilation of pancreatic duct 
52.99,Other opeartions on pancreas 
53,Injection into sympathetic nerve or ganglion 
53,"Unilateral repair of inguinal hernia, not otherwise specified "
53.01,Repair of direct inguinal hernia 
53.02,Repair of indirect inguinal hernia 
53.03,Repair of direct inguinal hernia with graft or prosthesis 
53.04,Repair of indirect inguinal hernia with graft or prosthesis 
53.05,Repair of inguinal hernia with graft or prosthesis not otherwise specified 
53.1,Injection of anesthetic into sympathetic neve for analgesia 
53.1,Bilateral repair of inguinal hernia not otherwise specified 
53.1,"Bilateral repair of inguinal hernia, not otherwise specified "
53.11,Bilateral repair of direct inguinal hernia 
53.12,Bilateral repair of indirect inguinal hernia 
53.13,Bilateral repair of inguinal hernia one direct and one indirect 
53.14,Bilateral repair of direct inguinal hernia with graft or prosthetis 
53.15,Bilateral repair of indirect inguinal hernia with graft or prosthesis 
53.16,Bilateral repair of inguinal hernia one direct and one indirect with graft or prosthesis 
53.17,Bilateral inguinal hernia repair with graft or prosthesis not otherwise specified 
53.2,Injection of neurolytic agent into sympathetic nerve 
53.21,Unilateral repair of femoral hernia with graft or prosthesis 
53.29,Other unilateral femoral herniorraphy 
53.31,Bilateral repair of femoral hernia with graft of prosthesis 
53.39,Other bilateral femoral herniorraphy 
53.41,Repair of umbilical hernia with prosthesis 
53.42,Other and open repair of umbilical hernia with graft or prosthesis 
53.43,Other laparoscopic umbilical herniorrhaphy 
53.49,Other umbilical herniorraphy 
53.51,Incisional hernia repair 
53.59,Repair of other hernia of anterior abdominal wall 
53.61,Incisional hernia repair with prosthesis 
53.62,Laparoscopic incisional hernia repair with graft or prosthesis 
53.63,Other laparoscopic repair of other hernia of anterior abdominal wall with graft or prosthesis 
53.69,Repair of other hernia of anterior abdominal wall with prosthesis 
53.7,Repair of diaphragmatic hernia abdominal approach 
53.71,"Laparoscopic repair of diaphragmatic hernia, abdominal approach "
53.72,"Other and open repair of diaphragmatic hernia, abdominal approach "
53.75,"Repair of diaphragmatic hernia, abdominal approach, not otherwise specified "
53.8,Repair of diaphragmatic hernia with thoracic approach not otherwise specified 
53.8,"Repair of diaphragmatic hernia with thoracic approach, not otherwise specified "
53.81,Plication of the diaphagm 
53.82,Repair of parasternal hernia 
53.83,Laparoscopic repair of diaphragmatic hernia with thoracic approach 
53.84,"Other and open repair of diaphragmatic hernia, with thoracic approach "
53.9,Other hernia repair 
53.9,Other injection into sympathetic nerve ganglion 
54,Incision of abdominal wall 
54.11,Exploratory laparotomy 
54.12,Reopening of recent laparotomy site 
54.19,Other laparotomy 
54.21,Laparoscopy 
54.22,Biopsy of abdominal wall or umbilicus 
54.23,Biopsy of peritoneum 
54.24,Closed [percutaneous] [needle] biopsy of intra-abdominal mass 
54.25,Peritoneal lavage 
54.29,Other diagnostic procedures of abdominal region 
54.3,Excision or destruction of lession or tissue of abdominal wall or umbilicus 
54.4,Excision or destruction of peritoneal tissue 
54.51,Laparoscopic lysis of peritoneal adhesions 
54.59,Other lysis of peritoneal adhesions 
54.61,Reclosure of postoperative disruption of abdominal wall 
54.62,Delayed closure of granulating abdominal wound 
54.63,Other suture of abdominal wall 
54.64,Suture of peritoneum 
54.71,Repair of gastroschisis 
54.72,Other repair of abdominal wall 
54.73,Other repair of peritoneum 
54.74,Other repair of omentum 
54.75,Other repair of mesentery 
54.91,Percutaneous abdominal drainage 
54.92,Removal of foreign body from peritoeal cavity 
54.93,Creation of cutaneoperitoneal fistula 
54.94,Creation of peritoneovascular shunt 
54.95,Incision of pertoneum 
54.96,Injection of air into peritoneal cavity 
54.97,Injection of locally acting therapeutic substance into peritoneal cavity 
54.98,Peritoneal dialysis 
54.99,Abdominal region operation 
55.01,Nephrotomy 
55.02,Nephrostomy 
55.03,Percutaneous nephrostomy without fragmentation 
55.04,Percutaneous nephrostomy with fragmentation 
55.11,Pyelotomy 
55.12,Pyelostomy 
55.21,Nephroscopy 
55.22,Pyeloscopy 
55.23,Closed [percutaneous] [needle] biopsy of kidney 
55.24,Open biopsy of kidney 
55.29,Other diagnostic procedures on kidney 
55.31,Marsupialization of kidney lesion 
55.32,Open ablation of renal lesion or tissue 
55.33,Percutaneous ablation of renal lesion or tissue 
55.34,Laparoscopic ablation of renal lesion or tissue 
55.35,Other and unspecified ablation of renal lesion or tissue 
55.39,Other local destruction or exicion of renal lesion or tissue 
55.4,Partial nephrectomy 
55.51,Nephroureterectomy 
55.52,Nephrectomy of remaininmg kidney 
55.53,Removal of transplanted or rejected kidney 
55.54,Bilateran nephrectomy 
55.61,Renal autotransplantation 
55.69,Other kidney transplantation 
55.7,Nephropexy 
55.81,Suture of laceration of kidney 
55.82,Closure of nephrostomy and pyelostomy 
55.83,Closure of other fistula of kidney 
55.84,Reduction of torsion of renal pedicle 
55.85,Symphysiotomy for horseshoe kidney 
55.86,Anastomosis of kidney 
55.87,Correction of ureteropelvic junction 
55.89,Other repair of kidney 
55.91,Decapsulatiojn of kidney 
55.92,Percutaneous aspiration of kidney (pelvis) 
55.93,Replacement of nephrostomy tube 
55.94,Replacement of pyelostomy tube 
55.95,Local perfusion of kidney 
55.96,Other injection of therapeutic substance into kidney 
55.97,Inplantation of replacement of mecanical kidney 
55.98,Removal of mecanical kidney 
55.99,Other operations on kidney 
56,Transurethral removal of obstruction from ureter and renal pelvis 
56,Transurethral removal of obstruction from ureter and renal pelvis 
56.1,Ureteral meatotomy 
56.2,Ureterotomy 
56.31,Ureteroscopy 
56.32,Closed percutaneous biopsy of ureter 
56.33,Closed endoscopic biopsy of ureter 
56.34,Open biopsy of ureter 
56.35,Endoscopy (cystoscopy)(looposcopy) of ileal conduit 
56.39,Other diagnostic prosedures on ureter 
56.4,Ureterectomy nor otherwise specified 
56.4,"Ureterectomy, not otherwise specified "
56.41,Partial ureterectomy 
56.42,Total ureterectomy 
56.51,Formation of cutaneous uretero-ileostomy 
56.52,Revision of cutaneous uretero-ileostomy 
56.61,Formation of other cutaneous ureterostomy 
56.62,Revision of other cutaneous ureterostomy 
56.71,Urinary diversion to intestine 
56.72,Revision of ureterointestinal anastomosis 
56.73,Nephrocystanastomosis not otherwise specified 
56.74,Ureteroneocystostomy 
56.75,Transureteroureterostomy 
56.79,Other anastomosis or bypass of ureter 
56.81,Lysis of intraluminal adhesions of ureter 
56.82,Suture of laceration of ureter 
56.83,repair of ureter Closure of ureterostomy 
56.84,Closure of other fistula of ureter 
56.85,Ureteropexy 
56.86,Removal of ligature from ureter 
56.89,Other repair of ureter 
56.91,Dilation of ureteral meatus 
56.92,Implantation of electronic ureteral smulator 
56.93,Replacement of electronic ureteral smulator 
56.94,Removal of electronic ureteral smulator 
56.95,Ligation of ureter 
56.99,Other operations on ureter 
57,Transurethral clearance of bladder 
57.11,Percutaneous aspiration of bladder 
57.12,Lysis of intraluminal adhesions with incision into bladder 
57.17,Percutaneous cystostomy 
57.18,Other suprapubic cystostomy 
57.19,Other cystostomy 
57.21,Vesicostomy 
57.22,Revision or closure of vesicostomy 
57.31,Cystoscopy through artificial stoma 
57.32,Other cystoscopy 
57.33,Closed [transurethral] biopsy of bladder 
57.34,Open biopsy of bladder 
57.39,Other diagnostic procedures on bladder 
57.41,Transurethral lysis of intraluminal adhesions 
57.49,Other transurethral excision or destruction of lesion or tissue of bladder 
57.51,Excision of urachus 
57.59,Other excision or destruction of other lesion or tissue of bladder 
57.6,Partial cystectomy 
57.71,Radical cystectomy 
57.79,Other total cystectomy 
57.81,Sutuire of lacerationof bladder 
57.82,Closure of cystectomy 
57.83,Reopair of fistula involving bladder and intensite 
57.84,Repair of other fistula of bladder 
57.85,Cystourethroplasty and plasticrepair of bladder neck 
57.86,Repair of bladder exthropy 
57.87,Reconstruction of urinary bladder 
57.88,Other anastomosis of bladder 
57.89,Other repair of bladder 
57.91,Sphincterotomy of bladder 
57.92,Dilation of bladder neck 
57.93,Control of (postoperative) hemorrhage of bladder 
57.94,Insertion of indwelling urinary catheter 
57.95,Replacement of indwelling urinary catheter 
57.96,Implantation of electronic bladder smulator 
57.97,Replacement of electronic bladder smulator 
57.98,Removal of electronic bladder smulator 
57.99,Other operation on bladder 
58,Other operation on sympathetic nerves or ganglia 
58,Urethrotomy 
58,Urethrotomy 
58.1,Repair of sympathetic nerve or ganglia 
58.1,Urethral meatotomy 
58.21,Perineal urethroscopy 
58.22,Other urethroscopy 
58.23,Biopsy of urethra 
58.24,Biopsy of periurethral tissue 
58.29,Other diagnostic procedures on urethra and periurethral tissue 
58.31,Endoscopic excision or destruction of lesion or tissue of urethra 
58.39,Other local excision or destruction of lesion or tissue of urethra 
58.41,Suture of laceration of urethra 
58.42,Repair of urethra Closure of urethrostomy 
58.43,Closure of other fistula of urethra 
58.44,Reanastomisis of urethra 
58.45,Repair of hypospadias or epispadias 
58.46,Other reconstruction of urethra 
58.47,Urethral meatoplasty 
58.49,Other repair of urethra 
58.5,Release of urethral stricture 
58.6,Dilation of urethra 
58.9,Other operation on sympathetic nerves or ganglia 
58.91,Incision of periurethral tissue 
58.92,Excision of periurethral tissue 
58.93,Implantation of artificial urinary sphincter [AUS] 
58.99,Other operation on urethra and periurethral tissue 
59,"Retroperitoneal dissection, not otherwise specified "
59.02,Other lysis of perirenal or periureteral adhesions that by laparoscope (5903) 
59.03,Laparoscopic lysis of perirenal or periureteral adhesions 
59.09,Other incision of perirenal or periureteral tissue 
59.11,Other lysis of perivesical adhesions 
59.12,Laparoscopic lysis of perivesical adhesions 
59.19,Other incisionof of |perivesical tissue 
59.21,Biopsy of perirenal and perivesical tissue 
59.29,Other Diagnostic procedures on perirenal tissue perivesical tissue and retroperitoneum 
59.3,Plication of urethrovesical junction 
59.4,Suprapubic sling operation 
59.5,Rethropubic urethral suspension 
59.6,Paraurethral suspension 
59.71,Levator muscle operation for urethrovesical suspension 
59.72,Injection of implant intourethra and/or bladder neck 
59.79,Repair of urinary incontinence 
59.8,Ureteral catheterization 
59.8,Ureteral catheterization 
59.91,Excision of perirenal or perivesical tissue 
59.92,Other operations on perirenal or perivesical tissue 
59.93,Replacement of ureterostomy tube 
59.94,Replacement of cystostomy tube 
59.95,Ultrasonic fragmentation of urinary stones 
59.99,Other operations on urinary system 
6,Incision of thyroid field 
60,incision of prostate 
60,Incision of prostate 
60.1,Aspiration of thyroid field 
60.11,Closed [percutaneous][needle] biopsy of prostate Aproach: transrectal transurethral punch biopsy 
60.12,open biopsy of prostate 
60.13,Closed [percutaneous] biopsy of seminal vesicles needle biopsy of seminal vesicles 
60.14,open biopsy of seminal vesicles 
60.15,biopsy of periprostatic tissue 
60.18,other diangnostic procedures on prostate and periprostatic tissue 
60.19,other diagnostic procedures on seminal vesicles 
60.2,Reopening of wound of thyroid field 
60.21,transurethral (ultrasound) guided laser induced prostatectomy 
60.29,other transurethral prostatectomy 
60.3,suprapubic prostatectomy 
60.4,retropubic prostatectomy 
60.5,radical prostatectomy 
60.61,local excision of lesion of prostate 
60.62,perineal prostatectomy 
60.69,prostatectomy 
60.71,Percutaneous aspiration of seminal vesicle 
60.72,inscision of seminal vesicle 
60.73,excision of seminal vesicle 
60.79,other operations of seminal vesicle 
60.81,inscision of periprostatic tissue 
60.82,excision of periprostatic tissue 
60.9,Other incision of thyroid field 
60.91,Percutaneous aspiration of prostate 
60.92,Injection into prostate test link 
60.93,repair of prostate 
60.94,control of (postoperative)hemorrhage of prostate 
60.95,transurethral balloon dilation of the prostatic urethra 
60.96,Transurethral destruction of prostate tissue by microwave thermotherapy 
60.97,transurethral destruction of the prostate tissue by other thermothe 
60.99,Operation of prostate 
61,Diagnostic procedures on thyroid and parathyroid glands 
61,inscision and drainage of scrotum and tunica vaginalis 
61.1,Close (percutaneous) (needle) biopsy of thyroid gland 
61.11,Biopsy of scrotum or tunica vaginalis 
61.19,Other diagnostic procedures on scrotum and tunica vaginalis 
61.2,Open biopsy of thyroid gland 
61.2,excision of hydrocele (of tunica vaginalis) 
61.3,Biopsy of parathyroid gland 
61.3,excision or destruction of lesion or tissue of scrotum 
61.41,suture of laceration of scrotum and tunica vaginalis 
61.42,repair of scrotal fistula 
61.49,other repair of scrotum and tunica vaginalis 
61.9,Other diagnostic proceres on thyroid and parthyroid glans 
61.91,Percutaneous aspiration of tunica vaginalis 
61.92,excision of lesion of tunica vaginalis other than hydrocele 
61.99,other operation on scrotum and tunica vaginalis 
62,Unilateral thyroid lobectomy 
62,inscision of testis 
62,Incision of testis 
62.11,Closed (percutaneous) (needle) biopsy of testis 
62.12,open biopsy of testis 
62.19,other diagnostic procedures on testes 
62.2,excision or destruction of testicular lesion 
62.3,unilateral orchiectomy 
62.41,removal of both testis 
62.42,removal of remaining testis 
62.5,orchiopexy 
62.61,suture of laceration of testis 
62.69,other repair of testes 
62.7,insertion of testicular prosthesis 
62.91,Aspiration of testis 
62.92,Injection of therapeutic substance into testis 
62.99,other operations on testes 
63.01,"Biopsy of spermatic cord, epididymis, or vas deferens "
63.09,other diagnostic procedures on spermatic cord epididymis or vas deferens 
63.1,Excision of lesion of thyroid 
63.1,excision of varicocele and hydrocele of spermatic cord 
63.2,excision of cysst of epididymis 
63.3,excision of other lesion or tissue of spermatic cord and epididymis 
63.4,epididymectomy 
63.5,repair of spermatic cord and epididymis 
63.51,suture of laceration of spermatic cord and epididymis 
63.52,reduction of torsion of testis of spermatic cord 
63.53,transplantation of spermatic cord 
63.59,other repair of spermatic cord and epididymis 
63.6,vasotomy 
63.7,Ligation of vas deferens 
63.7,"Male sterilization procedure, not otherwise specified "
63.71,Ligation of spermatic cord 
63.72,Vasectomy 
63.73,Aspiration of spermatocele 
63.81,suture of laceration of vas deferens and epididymis 
63.82,reconstruction of surgically divided vas deferens 
63.83,epididymotomy 
63.84,removal of ligature from vas deferens 
63.85,removal of valve from vas deferens 
63.89,other repair of vas deferens and epididymis 
63.9,Other partial thyroidectomy 
63.91,Aspiration of spermatocele 
63.92,epididiotomy 
63.93,incision of spermatic cord 
63.94,lysis of adhesions of spermatic cord 
63.95,insertion of valve in vas deferens 
63.99,other operation on spermatic cord/epididymis/vas deferens 
64,Complete thyroidectomy 
64,Circumcision 
64.11,biopsy of penis 
64.19,Other diagnostic procedures on penis 
64.2,local excision or destruction of lesion of penis 
64.3,amputation of penis 
64.41,suture of laceration of penis 
64.42,release of chordee 
64.43,construction of penis 
64.44,reconstruction of penis 
64.45,replantation of penis 
64.49,other repair of penis 
64.5,operations for sex transformation not elsewhere classified 
64.91,Dorsal or lateral slit of prepuce 
64.92,incision of penis 
64.93,division of penile adhesions 
64.94,Fitting of external prosthesis of penis 
64.95,Insertion or replacement of non-inflatable penile prosthesis 
64.96,removal of internal prosthesis of penis 
64.97,insertion or replacement of non inflatable penil prosthesis 
64.98,other operation on penis 
64.99,other operation on male genital organ 
65,Substernal thyroidectomy 
65.01,laparoscopic oophorotomy 
65.09,other oophorotomy 
65.1,Partial subternal thyroidectomy 
65.11,aspiration biopsy of ovary 
65.12,other biopsy of ovary 
65.13,laparoscopic biopsy of ovary 
65.14,other laparoscopic diagnostic procedures on ovaries 
65.19,other diagnostic procedures on ovaries 
65.2,Complete substernal thyroidectomy 
65.21,marsupalization of ovarian cyst 
65.22,wedge resection of ovary 
65.23,laparoscopic marsupaliazation of ovarian cyst 
65.24,laparoscopic wedge resection of ovary 
65.25,other laparoscopic local excision or destruction of ovary 
65.29,other local excision or destruction of ovary 
65.31,laparoscopic unilateral oophorectomy 
65.39,other unilateral oophorectomy 
65.41,laparoscopic unilateral salpingo -oophorectomy 
65.49,other unilateral salpingo-oophorectomy 
65.51,other removal of both ovaries at same operative prosedur 
65.52,other removal remaining ovary 
65.53,laparoscopic removal of both ovaries at same 
65.54,laparoscopic removal of remaining ovary 
65.61,other removal of both ovaries and tubes at same operative episode 
65.62,other removal of remaining ovary and tube 
65.63,laparoscopic removal of both ovaries and tubes at same operative episode 
65.64,laparoscopic removal of remaining ovary 
65.71,other simple suture of ovary 
65.72,other reimplantation of ovary 
65.73,other salpingo-oophoroblasty 
65.74,laparoscopic simple suture of ovary 
65.75,laparoscopic reimplantation of ovary 
65.76,laparoscopic salpingo-oophoroplasty 
65.79,other repair of ovary 
65.81,laparoscopic lysis of adhesion of ovary 
65.89,other lysis of adhesion of ovary and fallopian tube 
65.91,aspiration of ovary 
65.92,transplantation of ovary 
65.93,manual rupture of ovarian cyst 
65.94,ovarian denervation 
65.95,release of torsion of ovary 
65.99,other operation on ovary 
66,Excision of lingual thyroid 
66.01,salpingotomy 
66.02,salpingostomy 
66.11,biopsy of falopian tube 
66.19,other diagnostic procedures on fallopian tubes 
66.21,bilateral endoscopic ligation and crushing of fallopian tubes 
66.22,bilateral endoscopic destruction or occlusion of fallopian tubes'' 
66.29,other bilateral endoscopic destruction or occlusion of fallopian tubes 
66.31,other bilateral ligation and crushing of fallopian tubes 
66.32,other bilateral ligation and division of fallopian tubes 
66.39,other bilateral destruction or occlusion of fallopian tubes 
66.4,total unilateral salpingectom 
66.51,removal bothi fallopian tubes at same operative episode 
66.52,removal of remaining fallopian tube 
66.61,excision or destruction of lesion of fallopian tube 
66.62,salpingectomy with removal of tubal pregnancy 
66.63,bilateral partial salpingectomy not otherwise specified 
66.69,other partial salpingectomy 
66.71,simple suture of falopian tube 
66.72,salpingo-oophorostomy 
66.73,salpingo-salpingostomy 
66.74,salpingo-uterostomy 
66.79,other repair of allopian tube 
66.8,Insufflation of fallopian tube 
66.91,Dilation of cervical canal 
66.92,unilateral destruction or occlusion of fallopian tube 
66.93,implantation or replacement of protsthesis of fallopian tube 
66.94,removal of prosthesis of fallopian tube 
66.95,insufflation of therapeutic agent into fallopian tubes 
66.96,dilation of fallopian tubes 
66.97,burying of fimbriae in uterine wall 
66.99,other operations on fallopian tubes 
67,Dilation of cervical canal 
67,Excision of thyroglossal duct or trac 
67,Dilation of cervical canal 
67.11,endocervical biopsy 
67.12,other cervical biopsy 
67.19,other diagnostic procedures on cervix 
67.2,Conization of cervix 
67.31,marsupalization of cervical cyst 
67.32,destruction of lesion of cervix by cauterization 
67.33,destruction of lesion of cervix by cryosurgery 
67.39,other excision or destruction of lesion or tissue of cervix 
67.4,transabdominal cerclage of cervix 
67.51,amputation of cervix 
67.59,repair of internal cervical os 
67.61,suture of laceration of cervix 
67.62,repair of fistula of cervix 
67.69,other repair of cervix 
68,Hysterotomy 
68,Hysterotomy 
68.1,Complete parathyroidectomy 
68.11,Digital examination of uterus 
68.12,Hysteroscopy 
68.13,open biopsy of uterus 
68.14,open biopsy of uterine ligaments 
68.15,closed biopsy of uterine ligaments 
68.16,closed biopsy of uterus 
68.19,other diagnostic procedures on uterus and supporting stuctures 
68.21,division of endometrial synnechiae 
68.22,incision or excision of congenital septum of uterus 
68.23,endometrial ablation 
68.29,other excision or destruction of lesion or tissue of uterus 
68.3,subtotal abdominal hysterectomy 
68.31,Laparoscopic supracervical hysterectomy LSH 
68.39,Other and unspecified subtotal abdominal hysterectomy 
68.4,total abdominal hysterectomy 
68.41,Laparoscopic total abdominal hysterectomy 
68.49,Other and unspecified total abdominal hysterectomy 
68.5,vaginal hysterectomy 
68.51,laparoscopically assisted vaginal hysterectomy (LAVH) 
68.59,other vaginal hysterectomy 
68.6,radical abdominal hysterectomy 
68.61,Laparoscopic radical abdominal hysterectomy 
68.69,Other and unspecified radical abdominal hysterectomy 
68.7,radical vaginal hysterectomy 
68.71,Laparoscopic radical vaginal hysterectomy LRVH 
68.79,Other and unspecified radical vaginal hysterectomy 
68.8,pelvic evisceration 
68.9,Other parathyroidectomy 
68.9,other and unspecified hysterectomy 
69.01,dilation and curettage for termination of pregnancy 
69.02,dilation and curettage following delivery or abortion 
69.09,other dilation and curettage 
69.1,Division of thyroid isthmus 
69.19,other excision or destruction of lesion or tissue of uterus and supporting structures 
69.2,Ligation of thyroid vessels 
69.21,interposition operation 
69.22,other uterine suspension 
69.23,vaginal repair of chronic inversion of uterus 
69.29,other repair of uterus and supporting structures 
69.3,paracervical uterine denervation 
69.3,Suture of thyroid glans 
69.4,uterine repair 
69.4,Thyroid tissue reimplatation 
69.41,suture of laceration of uterus 
69.42,closure of fistula of uterus 
69.49,other repair of uterus 
69.5,Parathyroid tissue reimplantation 
69.51,aspiration curettage of uterus for termination of pregnancy 
69.52,aspiration curettage following delivery or abortion 
69.59,Aspiration curretage of uterus 
69.6,Menstrual extraction or regulation 
69.7,Intrauterine contraceptive 
69.8,Other operation on thyroid glans 
69.9,Other operations on parathyroid glans 
69.91,Insertion of therapeutic device into uterus 
69.92,Artificial insemination 
69.93,Insertion of laminaria 
69.94,Manual replacement of inverted uterus 
69.95,incision of cervix 
69.96,Removal of cerclage material from cervix 
69.97,removal of other penetrating foreign body from cervix 
69.98,other operations on supporting structures of uterus 
69.99,other operations on cervix and uterus 
7,Exploration of adrenal field 
70,Culdocentesis 
70,Culdocentesis 
70.1,Unilateral exploration of adrenal field 
70.11,Hymenotomy 
70.12,culdotomy 
70.13,lysis of intraluminal adhesions of vagina 
70.14,other vaginotomy 
70.2,Bilateral explaration of adrenal field 
70.21,Vaginoscopy 
70.22,Culdoscopy 
70.23,biopsy of cul-de-sac 
70.24,vaginal biopsy 
70.29,other diagnostic procedures on vagina and cul-de-sac 
70.31,hymenectomy 
70.32,Excision/destruction of lesion cul-de-sac 
70.33,excision or destruction of lesion of vagina 
70.4,obliteration and total excision of vagina 
70.5,repair of cystocele 
70.5,Repair of cystocele and rectocele 
70.51,repair of rectocele 
70.52,vaginal construction and reconstruction 
70.53,Repair of cystocele and rectocele with graft or prosthesis 
70.54,Repair of cystocele with graft or prosthesis 
70.55,Repair of rectocele with graft or prosthesis 
70.61,vaginal construction 
70.62,vaginal reconstruction 
70.63,Vaginal construction with graft or prosthesis 
70.64,Vaginal reconstruction with graft or prosthesis 
70.71,suture of laceration of vagina 
70.72,repair of colovaginal fistula 
70.73,repair of rectovaginal fistula 
70.74,repair of other vaginoenteric fistula 
70.75,repair of other fistula of vagina 
70.76,hymenorraphy 
70.77,vaginal suspension and vixation 
70.78,Vaginal suspension and fixation with graft or prosthesis 
70.79,other repair of vagina 
70.8,obliteration of vagina vault 
70.91,other operations on vagina 
70.92,other operations on cul-de-sac 
70.93,Other operations on cul-de-sac with graft or prosthesis 
70.94,Insertion of biological graft 
70.95,Insertion of synthetic graft or prosthesis 
71.01,lysis of vulvar adhesions 
71.09,other incision of vulva and perineum 
71.1,Close (percutaneous) (needle) biobsy of adrenal 
71.11,Diagnostic procedures on vulva biopsy of vulva 
71.19,other diagnostic procedures on vulva 
71.2,Open biopsy of adrenal glans 
71.21,Percutaneous aspiration of Bartholin's gland (cyst) 
71.22,incision of Bartholin's gland (cyst) 
71.23,marsupialization of Bartholin's gland (cyst) 
71.24,excision or other destruction of Bartholin's gland (cyst) 
71.29,other operations on Bartholin's gland 
71.3,Biopsy of pituitary gland transfrontal approach 
71.3,other local excision or destruction of vulva and perineum 
71.4,operations on clitoris 
71.4,Biopsy of pituitary gland transsphenoidal approach 
71.5,Biopsy of pituitary gland unspecified approach 
71.5,radical vulvectomy 
71.6,Biopsy of thymus 
71.61,unilateral vulvectomy 
71.62,bilateral vulvectomy 
71.7,Biopsy of pineal gland 
71.71,suture of laceration of vulva or perineum 
71.72,repair of fistula of vulva or perineum 
71.79,other repair of vulva and perineum 
71.8,other operations on vulva 
71.9,Other diagnostic procedures on adrenal glands 
71.9,other operations on female genital organs 
72,Low forceps operation 
72,Low forceps operation 
72.1,Excision of lesion of adrenal gland 
72.1,Low forceps operation with episiotomy 
72.2,Unilateral adrenalectomy 
72.21,Mid forceps operation with episiotomy 
72.29,Other mid forceps operation 
72.31,High forceps operation with episiotomy 
72.39,Other high forceps operation 
72.4,Forceps rotation of fetal head 
72.51,Partial breech extraction with forceps to aftercoming head 
72.52,Other partial breech extraction 
72.53,Total breech extraction with forceps to aftercoming head 
72.54,Other total breech extraction 
72.6,Forceps application to aftercoming head 
72.71,Vacuum extraction with episiotomy 
72.79,Other vacuum extraction 
72.8,Other specified instrumental delivery 
72.9,Unspecified instrumental delivery 
72.9,Other partial adrenalectomy 
73,Artificial rupture of membranes 
73,Bilateral adrenalectomy 
73.01,Induction of labor by artificial rupture of membranes 
73.09,Other artificial rupture of membranes 
73.1,Other surgical induction of labor 
73.2,Internal and combined version and extraction 
73.21,Internal and combined version without extraction 
73.22,Internal and combined version with extraction 
73.3,Failed forceps 
73.4,Medical induction of labor 
73.5,Manually assisted delivery 
73.51,Manual rotation of fetal head 
73.59,Other manually assisted delivery 
73.6,Episiotomy 
73.8,Operations on fetus to facilitate delivery 
73.9,Other operations assisting delivery 
73.91,External version 
73.92,Replacement of prolapsed umbilical cord 
73.93,Incision of cervix to assist delivery 
73.94,Pubiotomy to assist delivery 
73.99,Other 
74,classical cesarean section 
74,Classical cesarean section 
74.1,low cervical cesarean section 
74.1,Incision of adrenal gland 
74.2,Division of nerves to adrenal glans 
74.2,extraperitoneal cesarean section 
74.3,Ligation of adrenal vessels 
74.3,removal of extratubal ectopic pregnancy 
74.4,Repair of adrenal gland 
74.4,cesarean section of other specified type 
74.5,Reimplantation of adrenal tissue 
74.9,Other operations on adrenal glans 
74.91,hysterotomy to terminate pregnancy 
74.99,other cesarean section of unspecified type 
75,Intra-amniotic injection for abortion 
75,Intra-amniotic injection for abortion 
75.1,diagnostic amnioscentesis 
75.1,Exploration of pinel field 
75.2,Incision of pinel gland 
75.3,Partial excision of pineal gland 
75.31,amnioscopy 
75.32,Fetal EKG (scalp 
75.33,fetal blood sampling and biopsy 
75.34,Other fetal monitoring 
75.35,other diagnostic procedures on fetus and amnion 
75.36,correction of fetal defect 
75.37,Amnioinfusion 
75.38,Fetal pulse oximetry 
75.4,Manual removal of retained placenta 
75.5,repair of current obstetric laceration of uterus not otherwise specified 
75.5,"Repair of current obstetric laceration of uterus, not otherwise specified "
75.51,repair of current obstetric laceration of cervix 
75.52,repair of current obstetric laceration of corpus uteri 
75.61,repair of current obstetric laceration of bladder and urethra 
75.62,repair of current obstetric laceration of rectum and sphincter ani 
75.69,repair of other current obstetric laceration Episioperineorrhaphy secondary repair of episiotomy 
75.7,"Manual exploration of uterine cavity, postpartum "
75.8,Obstetric tamponade of uterus or vagina 
75.9,Other operations on pineal gland 
75.91,evacuation of obstetrical insicional hematoma of perineum 
75.92,evacuation of other hematoma of vulva or vagina 
75.93,surgical corrections of inverted uterus 
75.94,Manual replacement of inverted uterus 
75.99,other obstectric operations 
76.01,sequestrectomy of facial bone 
76.09,other incision of facial bone reopening of osteotomy site of facial bone 
76.1,Partial excision of pituitary gland 
76.11,biopsy of facial bone 
76.19,other diagnostic procedures on facial bones and joints 
76.2,local excision or destruction of lesion of facial bone 
76.2,Partial excision of pituitary gland transsphenoidal 
76.3,Partial excision of pituitary gland unspecified 
76.31,partial mandibulectomy hemimandibulectomy 
76.39,partial ostectomy of other facial bone hemimaxilectomy 
76.4,Total excision of pituitary gland transfrontal 
76.41,total mandibulectomy with synchronous reconstruction 
76.42,other total mandibulectomy 
76.43,other reconstruction of mandible 
76.44,total ostectomy of other facial bone with synchronous reconstruction 
76.45,other total ostectomy of other facial bone 
76.46,other reconsteruction of other facial bone 
76.5,Total excision of pituitary gland transsphenoidal approach 
76.5,temporomandibular arthroplasty 
76.61,closed osteoplasty (ostetomy) of mandibular ramus Gigli saw osteotomy 
76.62,open osteoplasty of mandibular ramus 
76.63,osteoplasty (osteotomy) of body mandible 
76.64,other orthognathic surgery on mandible mandibular osteoplasty NOS segmental nor subapical osteotomy 
76.65,segmental osteoplasty (osteotomy) of maxilla maxillary osteoplasty 
76.66,total osteoplasty (osteotomy) of maxilla 
76.67,reduction genioplasty reduction mentoplasty 
76.68,augmentation genioplasty mentoplasty: NOS with graft or implant 
76.69,other facial bone repair osteoplasty of facial bone NOS 
76.7,reudction of facial fracture not otherwise specified 
76.7,"Reduction of facial fracture, not otherwise specified "
76.71,Closed reduction of malar & zygomatic fracture 
76.72,open reduction of malar and zygomatic fracture 
76.73,Closed reduction of maxillary fracture 
76.74,open reduction of maxillary fracture 
76.75,Closed reduction of mandibular fracture 
76.76,Open reduction of mandibular fractur 
76.77,open reduction of alveolar fracture 
76.78,Closed reduction of facial fracture 
76.79,other open reduction of facial fracture 
76.8,Total excision of pituitary gland other specified appoach 
76.9,Total excision of pituitary gland unspecified approach 
76.91,bone graft to facial bone 
76.92,insertion of synthetic implant in facial bone 
76.93,Closed reduction of temporomandibular dislocation 
76.94,open reduction of temporomandibular disloaction 
76.95,Other manipulation of temporomandibular joint 
76.96,Injection of therapeutic substance into temporomandibular joint 
76.97,removal of internal fixation device from facial bone 
76.99,other operations on facial bones and joints 
77,Sequestrectomy unspecified site 
77,"Sequestrectomy, unspecified site "
77.01,Sequestrectomy scapula clavicle and thorax (ribs and sternum) 
77.02,Sequestrectomy humerus 
77.03,Sequestrectomy radius and ulna 
77.04,Sequestrectomy carpals and metacarpals 
77.05,Sequestrectomy femur 
77.06,Sequestrectomy patella 
77.07,Sequestrectomy tibia and fibula 
77.08,Sequestrectomy tarsals and metatarsals 
77.09,Sequestrectomy other pelvic bones phalanges (foot/hand) vertebrae 
77.1,Other incision of bone without division unspecified site 
77.1,Exploration of pituitary fossa 
77.1,"Other incision of bone without division, unspecified site "
77.11,Other incision of bone without division scapula clavicle and thorax (ribs and sternum) 
77.12,Other incision of bone without division humerus 
77.13,Other incision of bone without division radius and ulna 
77.14,Other incision of bone without division carpals and metacarpals 
77.15,Other incision of bone without division femur 
77.16,Other incision of bone without division patella 
77.17,Other incision of bone without division tibia and fibula 
77.18,Other incision of bone without division tarsals and metatarsals 
77.19,Other incision of bone without division other pelvic bones phalanges (foot/hand) vertebrae 
77.2,Incision of pituitary gland 
77.2,Wedge osteotomy unspecified site 
77.2,"Wedge osteotomy, unspecified site "
77.21,Wedge osteotomy scapula clavicle and thorax (ribs and sternum) 
77.22,Wedge osteotomy humerus 
77.23,Wedge osteotomy radius and ulna 
77.24,Wedge osteotomy carpals and metacarpals 
77.25,Wedge osteotomy femur 
77.26,Wedge osteotomy patella 
77.27,Wedge osteotomy tibia and fibula 
77.28,Wedge osteotomy tarsals and metatarsals 
77.29,Wedge osteotomy other pelvic bones phalanges (foot/hand) vertebrae 
77.3,Other division of bone unspecified site 
77.3,"Other division of bone, unspecified site "
77.31,Other division of bone scapula clavicle and thorax (ribs and sternum) 
77.32,Other division of bone humerus 
77.33,Other division of bone radius and ulna 
77.34,Other division of bone carpals and metacarpals 
77.35,Other division of bone femur 
77.36,Other division of bone patella 
77.37,Other division of bone tibia and fibula 
77.38,Other division of bone tarsals and metatarsals 
77.39,Other division of bone other pelvic bones phalanges (foot/hand) vertebrae 
77.4,Biopsy of bone unspecified site 
77.4,"Biopsy of bone, unspecified site "
77.41,Biopsy of bone scapula clavicle and thorax (ribs and sternum) 
77.42,Biopsy of bone humerus 
77.43,Biopsy of bone radius and ulna 
77.44,Biopsy of bone carpals and metacarpals 
77.45,Biopsy of bone femur 
77.46,Biopsy of bone patella 
77.47,Biopsy of bone tibia and fibula 
77.48,Biopsy of bone tarsals and metatarsals 
77.49,Biopsy of bone other pelvic bones phalanges (foot/hand) vertebrae 
77.51,bunionectomy with soft tissue correction and osteotomy of the first metatarsal 
77.52,bunionectomy with soft tissue correction and arthrodesis 
77.53,other bunionectomy with soft tissue correction 
77.54,excision or correction of bunionette 
77.56,repair of hammer toe 
77.57,repair of claw toe 
77.58,other excision of lesion or tissue of bone 
77.59,other bunionectomy 
77.6,Local excision of lesion or tissue of bone unspecified site 
77.6,"Local excision of lesion or tissue of bone, unspecified site "
77.61,Local excision of lesion or tissue of bone scapula clavicle and thorax (ribs and sternum) 
77.62,Local excision of lesion or tissue of bone humerus 
77.63,Local excision of lesion or tissue of bone radius and ulna 
77.64,Local excision of lesion or tissue of bone carpals and metacarpals 
77.65,Local excision of lesion or tissue of bone femur 
77.66,Local excision of lesion or tissue of bone patella 
77.67,Local excision of lesion or tissue of bone tibia and fibula 
77.68,Local excision of lesion or tissue of bone tarsals and metatarsals 
77.69,Local excision of lesion or tissue of bone other pelvic bones phalanges (foot/hand) vertebrae 
77.7,Excision of bone for graft unspecified site 
77.7,"Excision of bone for graft, unspecified site "
77.71,Excision of bone for graft scapula clavicle and thorax (ribs and sternum) 
77.72,Excision of bone for graft humerus 
77.73,Excision of bone for graft radius and ulna 
77.74,Excision of bone for graft carpals and metacarpals 
77.75,Excision of bone for graft femur 
77.76,Excision of bone for graft patella 
77.77,Excision of bone for graft tibia and fibula 
77.78,Excision of bone for graft tarsals and metatarsals 
77.79,Excision of bone for graft other pelvic bones phalanges (foot/hand) vertebrae 
77.79,"Excision of other bone for graft, except facial bones "
77.8,Other partial ostectomy unspecified site 
77.8,"Other partial ostectomy, unspecified site "
77.81,Other partial ostectomy scapula clavicle and thorax (ribs and sternum) 
77.82,Other partial ostectomy humerus 
77.83,Other partial ostectomy radius and ulna 
77.84,Other partial ostectomy carpals and metacarpals 
77.85,Other partial ostectomy femur 
77.86,Other partial ostectomy patella 
77.87,Other partial ostectomy tibia and fibula 
77.88,Other partial ostectomy tarsals and metatarsals 
77.89,Other partial ostectomy other pelvic bones phalanges (foot/hand) vertebrae 
77.9,Total ostectomy unspecified site 
77.9,Other operations on hypophysis 
77.9,"Total ostectomy, unspecified site "
77.91,Total ostectomy scapula clavicle and thorax (ribs and sternum) 
77.92,Total ostectomy humerus 
77.93,Total ostectomy radius and ulna 
77.94,Total ostectomy carpals and metacarpals 
77.95,Total ostectomy femur 
77.96,Total ostectomy patella 
77.97,Total ostectomy tibia and fibula 
77.98,Total ostectomy tarsals and metatarsals 
77.99,Total ostectomy other pelvic bones phalanges (foot/hand) vertebrae 
78,Thymectomy NOS 
78,Bone graft unspecified site 
78,"Bone graft, unspecified site "
78.01,Bone graft scapula clavicle and thorax (ribs and sternum) 
78.02,Bone graft humerus 
78.03,Bone graft radius and ulna 
78.04,Bone graft carpals and metacarpals 
78.05,Bone graft femur 
78.06,Bone graft patella 
78.07,Bone graft tibia and fibula 
78.08,Bone graft tarsals and metatarsals 
78.09,Bone graft other pelvic bones phalanges (foot/hand) vertebrae 
78.1,Application of external fixation device unspecified site 
78.1,Patrial excision of thymus 
78.1,"Application of external fixation device, unspecified site "
78.11,Application of external fixation device scapula clavicle and thorax (ribs and sternum) 
78.12,Application of external fixation device humerus 
78.13,Application of external fixation device radius and ulna 
78.14,Application of external fixation device carpals and metacarpals 
78.15,Application of external fixation device femur 
78.16,Application of external fixation device patella 
78.17,Application of external fixation device tibia and fibula 
78.18,Application of external fixation device tarsals and metatarsals 
78.19,Application of external fixation device other pelvic bones phalanges (foot/hand) vertebrae 
78.2,Limb shortening procedures unspecified site 
78.2,Total excision of thymus 
78.2,"Limb shortening procedures, unspecified site "
78.22,Limb shortening procedures humerus 
78.23,Limb shortening procedures radius and ulna 
78.24,Limb shortening procedures carpals and metacarpals 
78.25,Limb shortening procedures femur 
78.27,Limb shortening procedures tibia and fibula 
78.28,Limb shortening procedures tarsals and metatarsals 
78.29,Limb shortening procedures other pelvic bones phalanges (foot/hand) vertebrae 
78.3,Limb lighthening procedures unspecified site 
78.3,"Limb lengthening procedures, unspecified site "
78.32,Limb lighthening procedures humerus 
78.33,Limb lighthening procedures radius and ulna 
78.34,Limb lighthening procedures carpals and metacarpals 
78.35,Limb lighthening procedures femur 
78.37,Limb lighthening procedures tibia and fibula 
78.38,Limb lighthening procedures tarsals and metatarsals 
78.39,Limb lighthening procedures other pelvic bones phalanges (foot/hand) vertebrae 
78.4,Other repair or plastic operations of bone unspecified site 
78.4,"Other repair or plastic operations on bone, unspecified site "
78.41,Other repair or plastic operations of bone scapula clavicle and thorax (ribs and sternum) 
78.42,Other repair or plastic operations of bone humerus 
78.43,Other repair or plastic operations of bone radius and ulna 
78.44,Other repair or plastic operations of bone carpals and metacarpals 
78.45,Other repair or plastic operations of bone femur 
78.46,Other repair or plastic operations of bone patella 
78.47,Other repair or plastic operations of bone tibia and fibula 
78.48,Other repair or plastic operations of bone tarsals and metatarsals 
78.49,Other repair or plastic operations of bone other pelvic bones phalanges (foot/hand) vertebrae 
78.5,internal fixation of bone without fracture reduction unspecified site 
78.5,"Internal fixation of bone without fracture reduction, unspecified site "
78.51,internal fixation of bone without fracture reduction scapula clavicle and thorax (ribs and sternum) 
78.52,internal fixation of bone without fracture reduction humerus 
78.53,internal fixation of bone without fracture reduction radius and ulna 
78.54,internal fixation of bone without fracture reduction carpals and metacarpals 
78.55,internal fixation of bone without fracture reduction femur 
78.56,internal fixation of bone without fracture reduction patella 
78.57,internal fixation of bone without fracture reduction tibia and fibula 
78.58,Internal fixation of bone without fracture reduction tarsal/metatarsal 
78.59,Internal fixation of bone without fracture reduction other pelvic bones phalanges vertebra bone graft 
78.6,Removal of implanted devices from bone unspecified site 
78.6,"Removal of implanted device, unspecified site "
78.61,Removal of implanted devices from bone scapula clavicle and thorax (ribs and sternum) 
78.62,Removal of implanted devices from bone humerus 
78.63,Removal of implanted devices from bone radius and ulna 
78.64,Removal of implanted devices from bone carpals and metacarpals 
78.65,Removal of implanted devices from bone femur 
78.66,Removal of implanted devices from bone patella 
78.67,Removal of implanted devices from tibia/fibula 
78.68,Removal of implanted device from tarsal and metatarsals 
78.69,Removal of implanted device from other 
78.7,Osteoclasis unspecified site 
78.7,"Osteoclasis, unspecified site "
78.71,Osteoclasis scapula clavicle and thorax (ribs and sternum) 
78.72,Osteoclasis humerus 
78.73,Osteoclasis radius and ulna 
78.74,Osteoclasis carpals and metacarpals 
78.75,Osteoclasis femur 
78.76,Osteoclasis patella 
78.77,Osteoclasis tibia and fibula 
78.78,Osteoclasis tarsals and metatarsals 
78.79,Osteoclasis other pelvic bones phalanges (foot/hand) vertebrae 
78.8,Diagnosis procedures on bone not elsewhere classified  unspecified site 
78.8,"Diagnostic procedures on bone, not elsewhere classified, unspecified site "
78.81,Diagnosis procedures on bone not elsewhere classified scapula clavicle and thorax (ribs and sternum) 
78.82,Diagnosis procedures on bone not elsewhere classified humerus 
78.83,Diagnosis procedures on bone not elsewhere classified radius and ulna 
78.84,Diagnosis procedures on bone not elsewhere classified carpals and metacarpals 
78.85,Diagnosis procedures on bone not elsewhere classified femur 
78.86,Diagnosis procedures on bone not elsewhere classified patella 
78.87,Diagnosis procedures on bone not elsewhere classified tibia and fibula 
78.88,Diagnosis procedures on bone not elsewhere classified tarsals and metatarsals 
78.89,Diagnosis procedures on bone not elsewhere classified other pelvic bones phalanges (foot/hand) vertebrae 
78.9,Insertion of bone growth stimulator into unspecified bone 
78.9,"Insertion of bone growth stimulator, unspecified site "
78.91,Insertion of bone growth stimulator into scapula clavicula and thorax 
78.92,Insertion of bone growth stimulator into humerus 
78.93,Insertion of bone growth stimulator into radius and ulna 
78.94,Insertion of bone growth stimulator into carpals and metacarpals 
78.95,Insertion of bone growth stimulator into femur 
78.96,Insertion of bone growth stimulator into patella 
78.97,Insertion of bone growth stimulator into tibia and fibula 
78.98,Insertion of bone growth stimulator into tarsals and metatarsals 
78.99,Insertion of bone growth stimulator into other pelvic bones phalanges vertebrae bone graft 
79,Closed reduction of fracture without internal fixation of unspecified site 
79.01,Closed reduction of fracture without internal fixation of humerus 
79.02,Closed reduction of fracture without internal fixation of radius and ulna 
79.03,Closed reduction of fracture without internal fixation of carpals and metacarpals 
79.04,Closed reduction of fracture without internal fixation of phalanges of hand 
79.05,Closed reduction of fracture without internal fixation of femur 
79.06,Closed reduction of fracture without internal fixation of tibia and fibula 
79.07,Closed reduction of fracture without internal fixation of tarsals and metatarsals 
79.08,Closed reduction of fracture without internal fixation of phalanges of foot 
79.09,Closed reduction of fracture without internal fixation of other specified bone 
79.1,Closed reduction of fracture with internal fixation unspecified site 
79.11,Closed reduction of fracture with internal fixation of humerus 
79.12,Closed reduction of fracture with internal fixation radius and ulna 
79.13,Closed reduction of fracture with internal fixation carpals and metacarpals 
79.14,Closed reduction of fracture with internal fixation phalanges of hand 
79.15,Closed reduction of fracture with internal fixation of femur 
79.16,Closed reduction of fracture with internal fixation of tibia and fibula 
79.17,Closed reduction of fracture with internal fixation of tarsals and metatarsals 
79.18,Closed reduction of fracture with internal fixation of phalanges of foot 
79.19,Closed reduction of fracture with internal fixation of other specified bone 
79.2,Open reduction of fracture without internal fixation 
79.2,Open reduction of fracture without internal fixation of unspecified site 
79.21,Open reduction of fracture without internal fixation of humerus 
79.22,Open reduction of fracture without internal fixation of radius and ulna 
79.23,Open reduction of fracture without internal fixation of carpals and metacarpals 
79.24,Open reduction of fracture without internal fixatio of phalanges of hand n of 
79.25,Open reduction of fracture without internal fixation of femur 
79.26,Open reduction of fracture without internal fixation of tibia and fibula 
79.27,Open reduction of fracture without internal fixation of tarsals and metatarsals 
79.28,Open reduction of fracture without internal fixation of phalanges of foot 
79.29,Open reduction of fracture without internal fixation of other specified bone 
79.3,Open reduction of fracture with internal fixation 
79.3,"Open reduction of fracture with internal fixation, unspecified site "
79.31,Open reduction of fracture with internal fixation of humerus 
79.32,Open reduction of fracture with internal fixation of radius and ulna 
79.33,Open reduction of fracture with internal fixation of carpals and metacarpals 
79.34,Open reduction of fracture with internal fixation of phalanges of hand 
79.35,Open reduction of fracture with internal fixation of femur 
79.36,Open reduction of fracture with internal fixation of tibia and fibula 
79.37,Open reduction of fracture with internal fixation of tarsals and metatarsals 
79.38,Open reduction of fracture with internal fixation of phalanges of foot 
79.39,Open reduction of fracture with internal fixation of other specified bone 
79.4,Transplantation of thymus 
79.4,"Closed reduction of separated epiphysis, unspecified site "
79.41,Closed reduction of separated epiphysis of humerus 
79.42,Closed reduction of separated epiphysis of radius and ulna 
79.45,Closed reduction of separated epiphysis of femur 
79.46,Closed reduction of separated epiphysis of tibia and fibula 
79.49,Closed reduction of separated epiphysis of other specified bone 
79.5,"Open reduction of separated epiphysis, unspecified site "
79.51,Open reduction of separated epiphysis of humerus 
79.52,Open reduction of separated epiphysis of radius and ulna 
79.55,Open reduction of separated epiphysis of femur 
79.56,Open reduction of separated epiphysis of tibia and fibula 
79.59,Open reduction of separated epiphysis of other specified bone 
79.6,Debridement of open fracture 
79.6,"Debridement of open fracture, unspecified site "
79.61,Debridement of open fracture of humerus 
79.62,Debridement of open fracture of radius and ulna 
79.63,Debridement of open fracture of carpals and metacarpals 
79.64,Debridement of open fracture of phalanges of hand 
79.65,Debridement of open fracture of femur 
79.66,Debridement of open fracture of tibia and fibula 
79.66,Debridement of open fracture of tibia and fibula 
79.67,Debridement of open fracture of tarsals and metatarsals 
79.68,Debridement of open fracture of phalanges of foot 
79.69,Debridement of open fracture of other specified bone 
79.7,Closed reduction of dislocation of unspecified site 
79.71,Closed reduction of dislocation of shoulder 
79.72,Closed reduction of dislocation of elbow 
79.73,Closed reduction of dislocation of wrist 
79.74,Closed reduction of dislocation of hand and finger 
79.75,Closed reduction of dislocation of hip 
79.76,Closed reduction of dislocation of knee 
79.77,Closed reduction of dislocation of ankle 
79.78,Closed reduction of dislocation of foot and toe 
79.79,"Closed reduction of dislocation of other specified site, except temp "
79.8,open reduction of dislocation unspecified site 
79.8,Open reduction of dislocation of unspecified site 
79.81,open reduction of dislocation of shoulder 
79.82,open reduction of dislocation of elbow 
79.83,open reduction of dislocation of wrist 
79.84,open reduction of dislocation of hand and finger 
79.85,open reduction of dislocation of hip 
79.86,open reduction of dislocation of knee 
79.87,open reduction of dislocation of ankle 
79.88,open reduction of dislocation of foot and toe 
79.89,open reduction of dislocation of other specified site 
79.9,Other operation on thymus 
79.9,"Unspecified operation on bone injury, unspecified site "
79.91,Unspecified operation on bone injury of humerus 
79.92,Unspecified operation on bone injury of radius and ulna 
79.93,Unspecified operation on bone injury of carpals and metacarpals 
79.94,Unspecified operation on bone injury of phalanges of hand 
79.95,Unspecified operation on bone injury of femur 
79.96,Unspecified operation on bone injury of tibia and fibula 
79.97,Unspecified operation on bone injury of tarsals and metatarsals 
79.98,Unspecified operation on bone injury of phalanges of foot 
79.99,Unspecified operation on bone injury of other specified bone 
80,"Arthrotomy for removal of prosthesis, unspecified site "
80.01,Arthrotomy for removal of prosthesis of shoulder 
80.02,Arthrotomy for removal of prosthesis of elbow 
80.03,Arthrotomy for removal of prosthesis of wrist 
80.04,Arthrotomy for removal of prosthesis of hand and finger 
80.05,Arthrotomy for removal of prosthesis of hip 
80.06,Arthrotomy for removal of prosthesis of knee 
80.07,Arthrotomy for removal of prosthesis of ankle 
80.08,Arthrotomy for removal of prosthesis of foot and toe 
80.09,Arthrotomy for removal of prosthesis of other specified site 
80.1,Incision of lid margin 
80.1,"Other arthrotomy, unspecified site "
80.11,Other arthrotomy of shoulder 
80.12,Other arthrotomy of elbow 
80.13,Other arthrotomy of wrist 
80.14,Other arthrotomy of hand and finger 
80.15,Other arthrotomy of hip 
80.16,Other arthrotomy of knee 
80.17,Other arthrotomy of ankle 
80.18,Other arthrotomy of foot and toe 
80.19,Other arthrotomy of other specified site 
80.2,Severing of blepharorrhaphy 
80.2,"Arthroscopy, unspecified site "
80.21,Arthroscopy of shoulder 
80.22,Arthroscopy of elbow 
80.23,Arthroscopy of wrist 
80.24,Arthroscopy of hand and finger 
80.25,Arthroscopy of hip 
80.26,Arthroscopy of knee 
80.27,Arthroscopy of ankle 
80.28,Arthroscopy of foot and toe 
80.29,Arthroscopy of other specified site 
80.3,"Biopsy of joint structure, unspecified site "
80.31,Biopsy of joint structure of shoulder 
80.32,Biopsy of joint structure of elbow 
80.33,Biopsy of joint structure of wrist 
80.34,Biopsy of joint structure of hand and finger 
80.35,Biopsy of joint structure of hip 
80.36,Biopsy of joint structure of knee 
80.37,Biopsy of joint structure of ankle 
80.38,Biopsy of joint structure of foot and toe 
80.39,Biopsy of joint structure of other specified site 
80.4,"Division of joint capsule, ligament, or cartilage, unspecified site "
80.41,"Division of joint capsule, ligament, or cartilage of shoulder "
80.42,"Division of joint capsule, ligament, or cartilage of elbow "
80.43,"Division of joint capsule, ligament, or cartilage of wrist "
80.44,"Division of joint capsule, ligament, or cartilage of hand and finger "
80.45,"Division of joint capsule, ligament, or cartilage of hip "
80.46,"Division of joint capsule, ligament, or cartilage of knee "
80.47,"Division of joint capsule, ligament, or cartilage of ankle "
80.48,"Division of joint capsule, ligament, or cartilage of foot and toe "
80.49,"Division of joint capsule, ligament, or cartilage of other specified "
80.5,excision or destruction of intervertebral disc 
80.5,"Excision or destruction of intervertebral disc, unspecified "
80.51,excision of intervertebral disc 
80.52,Intervertebral chemonucleolysis 
80.53,Repair of the anulus fibrosus with graft or prosthesis 
80.54,Other and unspecified repair of the anulus fibrosus 
80.59,other destruction of intervertebral disc 
80.6,excision of semilunar cartilage of knee 
80.7,Synovectomy of unspecified site 
80.7,"Synovectomy, unspecified site "
80.71,Synovectomy of shoulder 
80.72,Synovectomy of elbow 
80.73,Synovectomy of wrist 
80.74,Synovectomy of hand and finger 
80.75,Synovectomy of hip 
80.76,Synovectomy of knee 
80.77,Synovectomy of ankle 
80.78,Synovectomy of foot and toe 
80.79,Synovectomy of other specified sites spine 
80.8,Other local excision or destruction of lesion of joint of unspecified site 
80.8,"Other local excision or destruction of lesion of joint, unspecified "
80.81,Other local excision or destruction of lesion of joint of shoulders 
80.82,Other local excision or destruction of lesion of joint of elbows 
80.83,Other local excision or destruction of lesion of joint of wrists 
80.84,Other local excision or destruction of lesion of joint of hand and fingers 
80.85,Other local excision or destruction of lesion of joint of hips 
80.86,Other local excision or destruction of lesion of joint of knees 
80.87,Other local excision or destruction of lesion of joint of ankles 
80.88,Other local excision or destruction of lesion of joint of foot and toes 
80.89,Other local excision or destruction of lesion of joint of other specified sites spines 
80.9,Other excision of joint 
80.9,Other excision of joint unspecified site 
80.91,Other excision of joint of shoulder 
80.92,Other excision of joint of elbow 
80.93,Other excision of joint of wrist 
80.94,Other excision of joint of hand and finger 
80.95,Other excision of joint of hip 
80.96,Other excision of joint of knee 
80.97,Other excision of joint of ankle 
80.98,Other excision of joint of foot and toe 
80.99,Other excision of joint of other specified sites 
81,"Spinal fusion, not otherwise specified "
81.01,atlas axis spinal fusion 
81.02,other cervical fusion anterior technique 
81.03,other cervical fusion posterior technique 
81.04,dorsal and dorsolumbar fusion anterior technique 
81.05,dorsal and dorsolumbar fusion posterior technique 
81.06,lumbar and lumbosacral fusion anterior technique 
81.07,lumbar and lumbosacral fusion lateral transverse process technique 
81.08,lumbar and lumbosacral fusion posterior tecnique 
81.09,refusion of spine any level or technique 
81.1,Biopsy of eyelid 
81.11,ankle fusion 
81.12,triple arthrodesis 
81.13,subfalar fusion 
81.14,midtarsal fusion 
81.15,tarsometatarsal fusion 
81.16,metatarsophalangeal fusion 
81.17,other fusion of foot 
81.18,Subtalar joint arthroereisis 
81.2,arthrodesis of unspecified joint 
81.2,Arthrodesis of unspecified joint 
81.21,arthrodesis of hip 
81.22,arthrodesis of knee 
81.23,arthrodesis of shoulder 
81.24,arthrodesis of elbow 
81.25,carporadial fusion 
81.26,metacarpocarpal fusion 
81.27,metacarpophalangeal fusion 
81.28,interphalangeal fusion 
81.29,arthrodesis of other specified joints 
81.3,"Refusion of spine, not otherwise specified "
81.31,Refusion of atlas-axis spine 
81.32,"Refusion of other cervical spine, anterior technique "
81.33,"Refusion of other cervical spine, posterior technique "
81.34,"Refusion of dorsal and dorsolumbar spine, anterior technique "
81.35,"Refusion of dorsal and dorsolumbar spine, posterior technique "
81.36,"Refusion of lumbar and lumbosacral spine, anterior technique "
81.37,"Refusion of lumbar and lumbosacral spine, lateral transverse process technique "
81.38,"Refusion of lumbar and lumbosacral spine, posterior technique "
81.39,"Refusion of spine, not elsewhere classified "
81.4,repair of hip not elsewhere classified 
81.4,"Repair of hip, not elsewhere classified "
81.42,five-in-one repair of knee 
81.43,triad knee repair 
81.44,patellar stabilization 
81.45,other repair of the cruciate ligaments 
81.46,other repair of the colateral ligaments 
81.47,other repair of knee 
81.49,other repair of ankle 
81.51,total hip replacement 
81.52,partial hip replacement 
81.53,replacement of prolapsed umbilical cord 
81.54,total knee replacement 
81.55,revision of knee replacement 
81.56,total ankle replacement 
81.57,replacement of joint of foot and toe 
81.59,revision of joint replacement of lower extremity not elsewhere classified 
81.62,Fusion or refusion of 2-3 vertebrae 
81.63,Fusion or refusion of 4- 8 vertebrae 
81.64,Fusion or refusion of 9 or more vertebrae 
81.65,Percutaneous vertebroplasty 
81.66,Percutaneous vertebral augmentation 
81.71,arthroplasty of metacarpophalangeal and interphalangeal joint with implant 
81.72,arthroplasty of metacarpophalangeal and interphalangeal joint without implant 
81.73,total wrist replacement 
81.74,arthroplasty of carpocarpal or carpometacarpal joint with implant 
81.75,arthroplasty of carpocarpal or carpometacarpal joint without implant 
81.79,other repair of hand finger and wirst 
81.8,total shoulder replacement 
81.8,Total shoulder replacement 
81.81,partial shoulder replacement 
81.82,repair of recurrent dislocation of shoulder 
81.83,other repair of shoulder 
81.84,total elbow replacement 
81.85,other repair of elbow 
81.9,Other diagnostic procedures on eyelid 
81.91,Arthrocentesis 
81.92,Injection of therapeutic substance into joint or ligament 
81.93,suture of capsule or ligament of upper extremity 
81.94,suture of capsule or ligament of ankle and foot 
81.95,suture of capsule or ligament of other lower extremity 
81.96,other repair of joint 
81.97,revision of joint replacement of upper extremity 
81.98,other diagnostic procedures on joint structures 
81.99,other operations on joint structures 
82,Removal of lesion of eyelid 
82.01,exploration of tendon sheath of hand 
82.02,myotomy of hand 
82.03,bursotomy of hand 
82.04,Incision and drainage of palmar or thenar space 
82.09,other incision of soft tissue and hand 
82.1,Excision of chalazion 
82.11,tenotomy of hand 
82.12,fasciotomy of hand 
82.19,other division of soft tissue of hand 
82.2,Excision of other minor lesion of eyelid 
82.21,excision of lesion of tendon sheath of hand 
82.22,excision of other lesion of tendon sheath (wrist) 
82.29,excision of other lesion of soft tissue of hand 
82.3,Excision of major lesion of eyelid prtial-thickness 
82.31,bursectomy of hand 
82.32,excision of tendon of hand for graft 
82.33,other tenonectomy of hand 
82.34,excision of muscle or fascia of hand for graft 
82.35,other fasciectomy of hand 
82.36,other myectomy of hand 
82.39,other excision of soft tissue and hand 
82.4,Excision of major lesion of eyelid full-thickness 
82.41,suture of tendon sheath of hand 
82.42,delayed suture of flexor tendon of hand 
82.43,delayed suture of other tendon of hand 
82.44,other suture of flexor tendon of hand 
82.45,other suture of other tendon of hand 
82.46,suture of muscle or fascia of hand 
82.5,Destruction of lesion of eyelid 
82.51,Transplantation of muscle and tendon of hand advancement of tendon of hand 
82.52,recession of tendon of hand 
82.53,reattachment of tendon of hand 
82.54,reattachment of muscle and hand 
82.55,other change in hand muscle or tendon length 
82.56,other hand tendon transfer or transplantation 
82.57,other hand tendon transposition 
82.58,other hand muscle transfer or transplantation 
82.59,other muscle transposition 
82.61,poliization operation carrying over nerves and blood supply 
82.69,other reconstruction of thumbs 
82.71,tendon pulley reconstruction 
82.72,plastic operation on hand with graft of muscle or fascia 
82.79,plastic operation on hand with other graft or implant 
82.81,transfer of finger except thumb 
82.82,repair of cleft hand 
82.83,repair of macrodactyly 
82.84,repair of mallet finger 
82.85,other tenodesis of hand 
82.86,other tenoplasty of hand 
82.89,other palstic operations of hand 
82.91,lysis of adhesion of hand 
82.92,Aspiration of bursa of hand 
82.93,Aspiration of other soft tissue of hand 
82.94,Injection of therapeutic substance into bursa of hand 
82.95,Injection of therapeutic substance into tendon of hand 
82.96,Other injection of locally-acting therapeutic substance into soft ti 
82.99,other operations on muscle tendon and fascia of hand 
83.01,exploration of tendon sheath 
83.02,myotomy 
83.03,bursotomy 
83.09,other incision of soft tissue 
83.1,Repair of blepharoptosis by frontalis muscle 
83.11,achillotenotomy 
83.12,adductor tenotomy of hip 
83.13,other tenotomy 
83.14,fasciotomy 
83.19,other division of soft tissue 
83.2,Repair of blepharoptosis by frontalis muscle technigue with fascial sling 
83.21,Biopsy of soft tissue 
83.29,other diagnostic prosedures on muscle tendon fascia and bursa including that of hand 
83.3,Repair of blepharoptosis by resection or advancement of levator 
83.31,excision of lesion of tendon sheath 
83.32,excision of lesion of muscle 
83.39,excision of lesion of other soft tissue 
83.4,Repair of blepharoptosis by other levator 
83.41,excision of tendon for graft 
83.42,other tenonectomy 
83.43,excision muscle or fascia for graft 
83.44,other fasciectomy 
83.45,other myectomy 
83.49,other excision of soft tissue 
83.5,Bursectomy 
83.6,"Suture of muscle, tendon, and fascia "
83.61,suture of tendon sheath 
83.62,delayed suture of tendon 
83.63,rotator cuff repair 
83.64,other suture of tendon 
83.65,other suture of muscle of fascia 
83.7,Reduction of over correction of ptosis 
83.71,Reconstruction of muscle and tendon advancement of tendon of hand 
83.72,recession of tendon 
83.73,reattachement of tendon 
83.74,reattachement of muscle 
83.75,tendon transfer or transplantation 
83.76,other tendon transposition 
83.77,muscle transfer or transplantation 
83.79,other muscle transposition 
83.8,Correction of lid retraction 
83.81,tendon graft 
83.82,graft of muscle or fascia 
83.83,tendon pulley reconstruction 
83.84,release of clubfoot not elsewhere classified 
83.85,other change in muscle and tendon length 
83.86,quadricepsplasty 
83.87,other plastic operations of muscle 
83.88,other plastic operations of tendon 
83.89,other plastic operations on fascia 
83.91,lysis of adhesions of muscl tendon fascia and bursa 
83.92,insertion or replacement of skeletal muscle stimulator 
83.93,removal of skeletal muscle stimulator 
83.94,Aspiration of bursa 
83.95,Aspiration of other soft tissue 
83.96,Injection of therapeutic substance into bursa 
83.97,Injection of therapeutic substance into tendon 
83.98,Injection of locally acting therapeutic substance into other soft tissue 
83.99,other operations on muscle tendon fascia and bursa 
84,upper limb amputation not otherwise specified 
84,"Upper limb amputation, not otherwise specified "
84.01,amputation and disarticulation of finger 
84.02,amputation and disarticulation of thumb 
84.03,Amputation of upper limb amputation through hand 
84.04,disarticulation of wrist 
84.05,Amputation of upper limb amputation through forearm 
84.06,disarticulation of shoulder 
84.07,amputation through forearm 
84.08,disarticulation of shoulder 
84.09,interthoracospular amputation 
84.1,lower limb amputation not otherwise specified 
84.1,Repair of entropion or ectropion by thermocaurization 
84.1,"Lower limb amputation, not otherwise specified "
84.11,amputation of toe 
84.12,amputation of through foot 
84.13,disarticulation of ankle 
84.14,amputation of ankle through malleoli of tibia and fibula 
84.15,other amputation below knee 
84.16,disarticulation of knee 
84.17,amputation above knee 
84.18,disarticulation of hip 
84.19,abdominopelvic amputation 
84.2,Repair of entropion or ectropion by suture technique 
84.21,thumb reattachment 
84.22,finger reattachment 
84.23,forearm wrist or hand attachment 
84.24,Reattachment of extrimity upper arm reattachment 
84.25,toe reattachment 
84.26,foot reattachment 
84.27,lower leg or ankle reattachment 
84.28,thigh reattachment 
84.29,other reattachment 
84.3,revision of amputation 
84.3,Repair of entropion or ectropion with wedge resection 
84.4,implantation of fitting of prosthetic limb device 
84.4,Repair of entropion or ectropion with fid recontruction 
84.4,"Implantation or fitting of prosthetic limb device, not otherwise specified "
84.41,Fitting of prosthesis of upper arm and shoulder 
84.42,Fitting of prosthesis of lower arm and hand 
84.43,"Fitting of prosthesis of arm, not otherwise specified "
84.44,implantation of prosthetic device of arm 
84.45,Fitting of prosthesis above knee 
84.46,Fitting of prosthesis below knee 
84.47,"Fitting of prosthesis of leg, not otherwise specified "
84.48,implantation on musculosceletal system 
84.51,Insertion of interbody spinal fusion device 
84.52,Insertion of recombinant bone morphogenetic protein rhBMP 
84.53,Implantation of internal limb lengthening device with kinetic distraction 
84.54,Implantation of other internal limb lengthening device 
84.55,Insertion of bone void filler 
84.56,Insertion or replacement of (cement) spacer 
84.57,Removal of (cement) spacer 
84.59,Insertion of other spinal devices 
84.6,"Insertion of spinal disc prosthesis, not otherwise specified "
84.61,"Insertion of partial spinal disc prosthesis, cervical "
84.62,Insertion of total spinal disc prosthesis cervical 
84.63,"Insertion of spinal disc prosthesis,thoracic "
84.64,"Insertion of partial spinal disc prosthesis, lumbosacral "
84.65,"Insertion of total spinal disc prosthesis,lumbosacral "
84.66,"Revision or replacement of artificial spinal disc prosthesis ,cervical "
84.67,"Revision or replacement of artificial spinal disc prosthesis , thoracic "
84.68,"Revision or replacement of artificial spinal disc prosthesis, lumbosacral "
84.69,"Revision or replacement of artificial spinal disc prosthesis, not otherwise specified "
84.7,Adjunct codes for external fixator devices 
84.71,"Application of external fixator device, monoplanar system "
84.72,"Application of external fixator device, ring system "
84.73,Application of hybrid external fixator device 
84.8,Insertion or replacement of interspinous process device (s) 
84.81,Revision of interspinous device (s) 
84.82,Insertion or replacement of pedicle-based dynamic stabilization (s) 
84.83,Revision of pedicle-based dynamic stabilization (s) 
84.84,Insertion or replacement of facet replacement device (s) 
84.85,Revision of facet replacement device (s) 
84.9,Other repair of entropion or ectropion 
84.91,amputation not otherwise specified 
84.92,separation of equal conjoined twins 
84.93,separation of unequal conjoined twins 
84.99,other operations on musculosceletal system 
85,Mastotomy 
85,Mastotomy 
85.1,Canthotomy 
85.11,Closed [percutaneous] [needle] biopsy of breast 
85.12,Open biopsy of breast 
85.19,Other diagnostic procedures on breast 
85.2,Blepharorrhaphy 
85.2,Excision or destruction of breast tissue nor otherwise specified 
85.2,"Excision or destruction of breast tissue, not otherwise specified "
85.21,Local excision of lesion of breast 
85.22,Resection of quadrant of breast 
85.23,Subtotal mastectomy 
85.24,Excision of ectopic breast tissue 
85.25,Excision of nipple 
85.31,Unilateral reduction mammoplasty 
85.32,Bilateral reduction mammoplasty 
85.33,Unilateral subcutaneous mammectomy with synchronous implant 
85.34,Other unilateral subcutaneous mammectomy 
85.35,Bilateral subcutaneous mammectomy with synchronous implant 
85.36,Other bilateral subcutaneous mammectomy 
85.41,Unilateral simple mastectomy 
85.42,Bilateral simple mastectomy 
85.43,Unilateral extended simple mastectomy 
85.44,Bilateral extended simple mastectomy 
85.45,Unilateral radical mastectomy 
85.46,Bilateral radical mastectomy 
85.47,Unilateral extended radical mastectomy 
85.48,Bilateral extended radical mastectomy 
85.5,Augmentation mammoplasty not otherwise specified 
85.5,"Augmentation mammoplasty, not otherwise specified "
85.51,Unilateral injection into breast for augmentation 
85.52,Bilateral injection into breast for augmentation 
85.53,Unilateral breast implant 
85.54,Bilateral breast implant 
85.55,Fat graft to breast 
85.6,Mastopexy 
85.7,Total reconstruction of breast 
85.7,"Total reconstruction of breast, not otherwise specified "
85.71,Latissimus dorsi myocutaneous flap 
85.72,"Transverse rectus abdominis myocutaneous (TRAM) flap, pedicled "
85.73,"Transverse rectus abdominis myocutaneous (TRAM) flap,free "
85.74,Deep inferior epigastric artery perforatar (DIEP) 
85.75,"Superficial inferior epigastric artery (SIEA) flap, free "
85.76,"Gluteal artery perforator (GAP) flap, free "
85.79,Other total reconstruction of breast 
85.81,Suture of laceration of breast 
85.82,Split-thickness graft to breast 
85.83,Full-thickness graft to breast 
85.84,Pedicle graft to breast 
85.85,Muscle flap graft to breast 
85.86,Transportation of nipple 
85.87,Other repair or reconstruction of nipple 
85.89,Other mammoplasty 
85.9,Other canthoplasty NOS 
85.91,Aspiration of breast 
85.92,Injection of therapeutic agent into breast 
85.93,Revision of implant of breast 
85.94,Removal of implant of breast 
85.95,Insertion of breast tissue expander 
85.96,Removal of breast tissue expander 
85.99,Other operations on the breast 
86.01,Aspiration of skin and subcutaneous tissue 
86.02,Injection or tattooing of skin lesion of defect 
86.03,Incision of pilonidal sinus or cyst 
86.04,Other incision with drainage of skin and subcutaneous tissue 
86.05,Incision with removal of foreign body from skin and subcutaneous tissue 
86.06,Insertion of totally implantable infusion pump 
86.07,Insertion of totally implantable vascular access device (VAD) 
86.09,Other incision of skin and subcutaneous tissue 
86.1,Reconstruction of eyelid with skin flap 
86.11,Biopsy of skin and subcutaneous tissue 
86.19,Other diagnostic procedures on skin and subcutaneous tissue 
86.2,Excision or destruction of lesion or tissue of skin and subcutaneous tissue 
86.21,Excision of pilonidal cyst or sinus 
86.22,Excisional debridement of wound infection or burn 
86.23,Removal of nail nail bed or nail fold 
86.24,Chemosurgery of skin 
86.25,Dermabrasion 
86.26,Ligation of dermal appendage 
86.27,Debridement of nail nail bed or nail fold 
86.28,Nonexcisional debridement of wound infection of burn 
86.3,Reconstruction of eyelid with hair follicle graft 
86.3,Other local excision or destruction of lesion or tissue of skin and subcutaneous tissue 
86.4,Radical excision of skin lesion 
86.4,Reconstruction of eyelid with tarsoconjuctival 
86.51,Replantation of scalp 
86.59,Closure of skin and subcutaneous tissue of other sites 
86.6,Free skin graft not otherwise specified 
86.6,"Free skin graft, not otherwise specified "
86.61,Full-thickness skin graft to hand 
86.62,Other skin graft to hand 
86.63,Full-thickness skin graft to other sites 
86.64,Hair transplant 
86.65,Heterograft of skin 
86.66,Homograft of skin 
86.67,Dermal regenerative graft 
86.69,Other skin graft to other sites 
86.7,Pedicle or flaps graft not otherwise specified 
86.7,"Pedicle or flap graft, not otherwise specified "
86.71,Cutting and preparation of pedicle grafts or flaps 
86.72,Advancement of pedicle graft 
86.73,Attachment of pedicle of flap graft to hand 
86.74,Attachment of pedicle of flap graft to other site 
86.75,Revision of pedicle of flap graft 
86.81,Repair for facial weakness 
86.82,Facial rhytidectomy 
86.83,Size reduction plastic operation 
86.84,Relaxation of scar or web contracture of skin 
86.85,Correction of syndactyly 
86.86,Onychoplasty 
86.89,Other repair and reconstruction of skin and subcutaneous tissue 
86.9,Other reconstruction of eyelid with flaps 
86.91,Excision of skin for graft 
86.92,Electrolysis and other epilation of skin 
86.93,Insertion of tissue expander 
86.94,"Insertion or replacement of singer array neurostimulator pulse generator, not specified as rechargeable "
86.95,"Insertion or replacement of dual array neurostimulator pulse generator, not specified as rechargeable "
86.96,Insertion or replacement of other neurostimulator pulse generator 
86.97,Insertion or replacement of singer array rechargeable neurostimulator pulse generator 
86.98,Insertion or replacement of dual array rechargeable neurostimulator pulse generator 
86.99,Other 
87,Reconstruction of eyelid NOS 
87.01,Pneumoencephalogram 
87.02,Other contrast radiogram of brain and skull 
87.03,Computerized axial tomography of head 
87.04,Other tomography of head 
87.05,Contrast dacryocytogram 
87.06,Contrast radiogram of nasopharynx 
87.07,Contrast laryngogram 
87.08,Cervical lymphangiogram 
87.09,Other soft tissue x-ray of face head and neck 
87.1,Reconctruction of eyelid invloing lid margin 
87.11,Full-month x-ray of teeth 
87.12,Other dental x-ray 
87.13,Temporomandibular contrast arthrogram 
87.14,Contrast radiogram of orbit 
87.15,Contrast radiogram of sinus 
87.16,Other x-ray of facial bones 
87.17,Other x-ray of skull 
87.2,Other reconstruction of eyelid involving lid margin 
87.21,Contrast myelogram 
87.22,Other x-ray of cervical spine 
87.23,Other x-ray of thoracic spine 
87.24,Other x-ray of lumbosacral spine 
87.29,Other x-ray spine 
87.3,Reconstruction of eyelid involving lid margin full 
87.31,Endotracheal bronchogram 
87.32,Other contrast bronchogram 
87.33,Mediastinal pneumogram 
87.34,Intrathoracic lymphangiogram 
87.35,Contrast radiogram of mammary ducts 
87.36,Xerography of breast 
87.37,Other mammography 
87.38,Sinogram of chest wall 
87.39,Other soft tissue x-ray of chest wall 
87.4,Other reconstruction of eyelid full-thicknes 
87.41,Computerized axial tomography of thorax 
87.42,Other tomography of thorax 
87.43,X-ray of ribs sternum and clavicle 
87.44,Routine chest x-ray so described 
87.49,Other chest x-ray 
87.51,Percutaneous hepatic cholangiogram 
87.52,Intravenous cholangiogram 
87.53,Intraoperative cholangiogram 
87.54,Other cholangiogram 
87.59,Other biliary tract x-ray 
87.61,Barium swallow 
87.62,Upper GI series 
87.63,Small bowel series 
87.64,Lower GI series 
87.65,Other x-ray of intestine 
87.66,Contrast pancreatogram 
87.69,Other digestive tract x-ray 
87.71,Computerized axial tomography of kidney 
87.72,Other nephrotomogram 
87.73,Intravenous pyelogram 
87.74,Retrograde pyelogram 
87.75,Percutaneuos pyelogram 
87.76,Retrograde cystourethrogram 
87.77,Other cystogram 
87.78,Ileal conduitogram 
87.79,Other x-ray of the urinary system 
87.81,X-ray of gravid uterus 
87.82,Gas contrast hysterosalpingogram 
87.83,Opaque dye contrast hysterosalpingogram 
87.84,Percutaneous hysterogram 
87.85,Other x-ray of fallopian tubes and uterus 
87.89,Other x-ray of female genital organs 
87.91,Contrast seminal vesiculogram 
87.92,Other x-ray of prostate and seminal vesicles 
87.93,Contrast epididymogram 
87.94,Contrast vasogram 
87.95,Other x-ray of epididymis and vas deferens 
87.99,Other x-ray of male genital organs 
88.01,Computerized axial tomography of abdomen 
88.02,Other abdomen tomography 
88.03,Sinogram of abdominal wall 
88.04,Abdominal lymphangiogram 
88.09,Other soft tissue x-ray of abdominal wall 
88.1,Linear repair of leceration of eyelid or eyebrow 
88.11,Pelvic opaque dye contrast radiography 
88.12,Pelvic gas contrast radiography 
88.13,Other peritoneal pneumogram 
88.14,Retroperitoneal fistulogram 
88.15,Retroperitoneal pneumogram 
88.16,Other retroperitoneal x-ray 
88.19,Other x-ray of abdomen 
88.2,Skeletal x-ray of extremities and pelvis 
88.21,Skeletal x-ray of shoulder and upper arm 
88.22,Skeletal x-ray of elbow and forearm 
88.23,Skeletal x-ray of wrist and hand 
88.24,"Skeletal x-ray of upper limb, not otherwise specified "
88.25,Pelvimetry 
88.26,Other skeletal x-ray of pelvis and hip 
88.27,"Skeletal x-ray of thigh, knee, and lower leg "
88.28,Skeletal x-ray of ankle and foot 
88.29,"Skeletal x-ray of lower limb, not otherwise specified "
88.3,Other repair of laceration of eyelid partial-hickness 
88.31,Skeletal series 
88.32,Contrast arthrogram 
88.33,Other skeletal x-ray 
88.34,Lymphangiogram of upper limb 
88.35,Other soft tissue x-ray of upper limb 
88.36,Lymphangiogram of lower limb 
88.37,Other soft tissue x-ray of lower limb 
88.38,Other computerized axial tomography 
88.39,"X-ray, other and unspecified "
88.4,Repair of laceration involving lid margin full-thickness 
88.4,"Arteriography using contrast material, unspecified site "
88.41,Arteriography of cerebral arteries 
88.42,Aortography 
88.43,Arteriography of pulmonary arteries 
88.44,Arteriography of other intrathoracic vessels 
88.45,Arteriography of renal arteries 
88.46,Arteriography of placenta 
88.47,Arteriography of other intra-abdominal arteries 
88.48,Arteriography of femoral and other lower extremity arteries 
88.49,Arteriography of other specified sites 
88.5,Other repair of laceration of eyelid full-thickness 
88.5,Angiocardiography not otherwise specified 
88.5,"Angiocardiography, not otherwise specified "
88.51,Angiocardiography of venae cavae 
88.52,Angiocardiography of right heart structures 
88.53,Angiocardiography of left heart structures 
88.54,Combined right and left heart angiocardiography 
88.55,Coronary arteriography using a single catheter 
88.56,Coronary arteriography using two catheters 
88.57,Other and unspecified coronary arteriography 
88.58,Negative-contrast cardiac roentgenography 
88.59,Intra-operative fluorescence vascular angiography 
88.6,Phlebography using contrast material unspecified site 
88.6,Lower eyelid rhytidectomy 
88.6,"Phlebography using contrast material, unspecified site "
88.61,Phlebography of veins of head and neck using contrast material 
88.62,Phlebography of pulmonary veins using contrast material 
88.63,Phlebography of other intrathoracic veins using contrast material 
88.64,Phlebography of the portal venous system using contrast material 
88.65,Phlebography of other intra-abdominal veins using contrast material 
88.66,Phlebography of femoral and other lower extremity veins using contrast material 
88.67,Phlebography of other specified sites using contrast material 
88.68,Impedance phlebography 
88.7,Upper eyelid rhytidectomy 
88.71,Diagnostic ultrasound of head and neck 
88.72,Diagnostic ultrasound of heart 
88.73,Diagnostic ultrasound of other sites of thorax 
88.74,Diagnostic ultrasound of digestive system 
88.75,Diagnostic ultrasound of urinary system 
88.76,Diagnostic ultrasound of abdomen and retroperitoneum 
88.77,Diagnostic ultrasound of peripheral vascular system 
88.78,Diagnostic ultrasound of gravid uterus 
88.79,Other diagnostic ultrasound 
88.81,Cerebral thermography 
88.82,Ocular thermography 
88.83,Bone thermography 
88.84,Muscle thermography 
88.85,Breast thermography 
88.86,Blood vessel thermography 
88.89,Thermography of other sites 
88.9,Diagnostic imaging not elsewhere classified 
88.9,Other eyelid repair 
88.9,"Diagnostic imaging, not elsewhere classified "
88.91,Magnetic resonance imaging of brain and brain stem 
88.92,Magnetic resonance imaging of chest and myocardium for evaluation of hilar and mediastinal lymphadenopathy 
88.93,Magnetic resonance imaging of spinal canal 
88.94,Magnetic resonance imaging of musculoskeletal 
88.95,Magnetic resonance imaging of pelvis prostate and bladder 
88.96,Other intraoperative magnetic resonance imaging 
88.97,Magnetic resonance imaging of other and unspecified sites 
88.98,Bone mineral density studies 
89.01,Interview and evaluation described as brief 
89.02,Interview and evaluation described as limited 
89.03,Interview and evaluation described as comprehensive 
89.04,Other interview and evaluation 
89.05,Diagnostic interview and evaluation not otherwise specified 
89.06,Consultation described as limited 
89.07,Consultation described as comprehensive 
89.08,Other consultation 
89.09,Consultation not otherwise specified 
89.1,Intracarotid amobarbital test Wada test 
89.1,Electrosugical epilation of eyelid 
89.1,Intracarotid amobarbitral test 
89.11,Tonometry 
89.12,Nasal function study rhinomanometry 
89.13,Neurologic examination 
89.14,Electroencephalogram 
89.15,Other nonoperative neurologic function tests 
89.16,Transillumination of newborn skull 
89.17,Polysomnogram 
89.18,Other sleep disorder function tests 
89.19,Video and radio-telemetered electroencephalographic monitoring 
89.2,Cryosurgical epilation of eyelid 
89.21,Urinary manometry 
89.22,Cystometrogram 
89.23,Urethral sphincter electromyogram 
89.24,Uroflowmetry [UFR] 
89.25,Urethral pressure profile [UPP] 
89.26,Gynecological examination 
89.29,Other nonoperative genitourinary system measurements 
89.3,Other epilation of eyelid 
89.31,Dental examination oral mucosal survey periodontal survey 
89.32,Esophageal manometry 
89.33,Digital examination of enterostomy stoma 
89.34,Digital examination of rectum 
89.35,Transillumination of nasal sinuses 
89.36,Manual examination of breast 
89.37,Vital capacity determination 
89.38,Other nonoperative respiratory measurements Plethysmography for measurement of respiratory function Thoracic impedance plethysmography 
89.39,Other nonoperative measurements and examinations 14 C Urea breath test Basal metabolic rate Gastric: analysis function NEC 
89.41,Cardiovascular stress test using treadmill 
89.42,Masters' two-step stress test 
89.43,Cardiovascular stress test using bicycle ergometer 
89.44,Other cardiovascular stress test Thalium stress test with or without transesophageal pacing 
89.45,Artificial pacemaker rate check artificial pacemaker function check NOS 
89.46,Artificial pacemaker artifact wave form check 
89.47,Artificial pacemaker electrode impedance check 
89.48,Artificial pacemaker voltage or amperage threshold check 
89.49,Automatic implantable cardioverter / defibrillator (AICD) check 
89.5,Ambulatory cardiac monitoring 
89.51,Rhythm electrocardiogram (with onw to three leads) 
89.52,Electrocardiogram NOS (with 12 or more leads) 
89.53,Vectorcardiogram (with ECG) 
89.54,Electrographic monitoring telemetry 
89.55,Phonocardiogram with ECG lead 
89.56,Carotid pulse tracing with ECG lead 
89.57,Apexcardiogram (with ECG lead) 
89.58,Plethysmogram 
89.59,Other nonoperative cardiac and vascular measurements 
89.6,Continuous intra-arterial blood gas monitoring 
89.61,Systemic arterial pressure monitoring 
89.62,Central venous pressure monitoring 
89.63,Pulmonary artery pressure monitoring 
89.64,Pulmonary artery wedge monitoring 
89.65,Measurement of systemic arterial blood gases 
89.66,Measurement of mixed venous blood gases 
89.67,Monitoring of cardiac output by oxygen consumption technique 
89.68,Monitoring of cardiac output by other technique COP monitor by thermodilution indicator 
89.69,Monitoring of coronary blood flow coronary blood flow monitoring by coincidence 
89.7,General physical examination 
89.8,Autopsy 
89.9,Other operation on lacrimal system 
9,Incision of lacrimal gland 
90.01,Microscopic examination of specimen from nervous system and spinal fluid bacterial smear 
90.02,Microscopic examination of specimen from nervous system and spinal fluid culture 
90.03,Microscopic examination of specimen from nervous system and spinal fluid culture and sensitivity 
90.04,Microscopic examination of specimen from nervous system and spinal fluid parasitology 
90.05,Microscopic examination of specimen from nervous system and spinal fluid toxicology 
90.06,Microscopic examination of specimen from nervous system and spinal fluid cell block and papaniculaou smear 
90.09,Microscopic examination of specimen from nervous system and spinal fluid bacterial smear 
90.11,Microscopic examination of specimen from endocrine gland NEC bacterial smear 
90.12,Microscopic examination of specimen from endocrine gland NEC culture 
90.13,Microscopic examination of specimen from endocrine gland NEC culture and sensitivity 
90.14,Microscopic examination of specimen from endocrine gland NEC parasitology 
90.15,Microscopic examination of specimen from endocrine gland NEC toxicology 
90.16,Microscopic examination of specimen from endocrine gland NEC cell block and papaniculaou smear 
90.19,Microscopic examination of specimen from endocrine gland NEC other microscopic examination 
90.21,Microscopic examination of specimen from eye bacterial smear 
90.22,Microscopic examination of specimen from eye culture 
90.23,Microscopic examination of specimen from eye culture and sensitivity 
90.24,Microscopic examination of specimen from eye parasitology 
90.25,Microscopic examination of specimen from eye toxicology 
90.26,Microscopic examination of specimen from eye cell block and papaniculaou smear 
90.29,Microscopic examination of specimen from eye other microscopic examination 
90.31,Microscopic examination of specimen from ear nose throat and larynx bacterial smear 
90.32,Microscopic examination of specimen from ear nose throat and larynx culture 
90.33,Microscopic examination of specimen from ear nose throat and larynx culture and sensitivity 
90.34,Microscopic examination of specimen from ear nose throat and larynx parasitology 
90.35,Microscopic examination of specimen from ear nose throat and larynx toxicology 
90.36,Microscopic examination of specimen from ear nose throat and larynx cell block and papaniculaou smear 
90.39,Microscopic examination of specimen from ear nose throat and larynx other microscopic examination 
90.41,Microscopic examination of specimen from trachea bronchus pleura lung and other thoracic specimen and of sputum bacterial smear 
90.42,Microscopic examination of specimen from trachea bronchus pleura lung and other thoracic specimen and of sputum culture 
90.43,Microscopic examination of specimen from trachea bronchus pleura lung and other thoracic specimen and of sputum culture and sensitivity 
90.44,Microscopic examination of specimen from trachea bronchus pleura lung and other thoracic specimen and of sputum parasitology 
90.45,Microscopic examination of specimen from trachea bronchus pleura lung and other thoracic specimen and of sputum toxicology 
90.46,Microscopic examination of specimen from trachea bronchus pleura lung and other thoracic specimen and of sputum cell block and papaniculaou smear 
90.49,Microscopic examination of specimen from trachea bronchus pleura lung and other thoracic specimen and of sputum other microscopic examination 
90.51,Microscopic examination of blood bacterial smear 
90.52,Microscopic examination of blood culture 
90.53,Microscopic examination of blood culture and sensitivity 
90.54,Microscopic examination of blood parasitology 
90.55,Microscopic examination of blood toxicology 
90.56,Microscopic examination of blood cell block and papaniculaou smear 
90.59,Microscopic examination of blood other microscopic examination 
90.61,Microscopic examination of specimen from spleen and of bone marow bacterial smear 
90.62,Microscopic examination of specimen from spleen and of bone marow culture 
90.63,Microscopic examination of specimen from spleen and of bone marow culture and sensitivity 
90.64,Microscopic examination of specimen from spleen and of bone marow parasitology 
90.65,Microscopic examination of specimen from spleen and of bone marow toxicology 
90.66,Microscopic examination of specimen from spleen and of bone marow cell block and papaniculaou smear 
90.69,Microscopic examination of specimen from spleen and of bone marow other microscopic examination 
90.71,Microscopic examination of specimen from lymph node and of lymph bacterial smear 
90.72,Microscopic examination of specimen from lymph node and of lymph culture 
90.73,Microscopic examination of specimen from lymph node and of lymph culture and sensitivity 
90.74,Microscopic examination of specimen from lymph node and of lymph parasitology 
90.75,Microscopic examination of specimen from lymph node and of lymph toxicology 
90.76,Microscopic examination of specimen from lymph node and of lymph cell block and papaniculaou smear 
90.79,Microscopic examination of specimen from lymph node and of lymph other microscopic examination 
90.81,Microscopic examination of specimen from upper gastrointestinal tract and of vomitus bacterial smear 
90.82,Microscopic examination of specimen from upper gastrointestinal tract and of vomitus culture 
90.83,Microscopic examination of specimen from upper gastrointestinal tract and of vomitus culture and sensitivity 
90.84,Microscopic examination of specimen from upper gastrointestinal tract and of vomitus parasitology 
90.85,Microscopic examination of specimen from upper gastrointestinal tract and of vomitus toxicology 
90.86,Microscopic examination of specimen from upper gastrointestinal tract and of vomitus cell block and papaniculaou smear 
90.89,Microscopic examination of specimen from upper gastrointestinal tract and of vomitus other microscopic examination 
90.91,Microscopic examination of specimen from lower gastrointestinal tract and of stool bacterial smear 
90.92,Microscopic examination of specimen from lower gastrointestinal tract and of stool culture 
90.93,Microscopic examination of specimen from lower gastrointestinal tract and of stool culture and sensitivity 
90.94,Microscopic examination of specimen from lower gastrointestinal tract and of stool parasitology 
90.95,Microscopic examination of specimen from lower gastrointestinal tract and of stool toxicology 
90.96,Microscopic examination of specimen from lower gastrointestinal tract and of stool cell block and papaniculaou smear 
90.99,Microscopic examination of specimen from lower gastrointestinal tract and of stool other microscopic examination 
91.01,Microscopic examination of specimen from liver biliary tract and pancreas bacterial smear 
91.02,Microscopic examination of specimen from liver biliary tract and pancreas culture 
91.03,Microscopic examination of specimen from liver biliary tract and pancreas culture and sensitivity 
91.04,Microscopic examination of specimen from liver biliary tract and pancreas parasitology 
91.05,Microscopic examination of specimen from liver biliary tract and pancreas toxicology 
91.06,Microscopic examination of specimen from liver biliary tract and pancreas cell block and papaniculaou smear 
91.09,Microscopic examination of specimen from liver biliary tract and pancreas other microscopic examination 
91.1,Biopsy of lacrimal gland 
91.11,Microscopic examination of peritoneal and retroperitoneal specimen bacterial smear 
91.12,Microscopic examination of peritoneal and retroperitoneal specimen culture 
91.13,Microscopic examination of peritoneal and retroperitoneal specimen culture and sensitivity 
91.14,Microscopic examination of peritoneal and retroperitoneal specimen parasitology 
91.15,Microscopic examination of peritoneal and retroperitoneal specimen toxicology 
91.16,Microscopic examination of peritoneal and retroperitoneal specimen cell block and papaniculaou smear 
91.19,Microscopic examination of peritoneal and retroperitoneal specimen other microscopic examination 
91.2,Biopsy of lacrimal sac 
91.21,Microscopic examination of specimen from kidney ureter perirenal and periureteral tissue bacterial smear 
91.22,Microscopic examination of specimen from kidney ureter perirenal and periureteral tissue bacterial smear 
91.23,Microscopic examination of specimen from kidney ureter perirenal and periureteral tissue culture and sensitivity 
91.24,Microscopic examination of specimen from kidney ureter perirenal and periureteral tissue parasitology 
91.25,Microscopic examination of specimen from kidney ureter perirenal and periureteral tissue toxicology 
91.26,Microscopic examination of specimen from kidney ureter perirenal and periureteral tissue cell block and papaniculaou smear 
91.29,Microscopic examination of specimen from kidney ureter perirenal and periureteral tissue other microscopic examination 
91.31,Microscopic examination of specimen from bladder urethra prostate seminal vesicle perivesical tissue and of urine and semen bacterial smear 
91.32,Microscopic examination of specimen from bladder urethra prostate seminal vesicle perivesical tissue and of urine and semen culture 
91.33,Microscopic examination of specimen from bladder urethra prostate seminal vesicle perivesical tissue and of urine and semen culture and sensitivity 
91.34,Microscopic examination of specimen from bladder urethra prostate seminal vesicle perivesical tissue and of urine and semen parasitology 
91.35,Microscopic examination of specimen from bladder urethra prostate seminal vesicle perivesical tissue and of urine and semen toxicology 
91.36,Microscopic examination of specimen from bladder urethra prostate seminal vesicle perivesical tissue and of urine and semen cell block and papaniculaou smear 
91.39,Microscopic examination of specimen from bladder urethra prostate seminal vesicle perivesical tissue and of urine and semen other microscopic examination 
91.41,Microscopic examination of specimen from female genital tract bacterial smear 
91.42,Microscopic examination of specimen from female genital tract culture 
91.43,Microscopic examination of specimen from female genital tract culture and sensitivity 
91.44,Microscopic examination of specimen from female genital tract parasitology 
91.45,Microscopic examination of specimen from female genital tract toxicology 
91.46,Microscopic examination of specimen from female genital tract cell block and papaniculaou smear 
91.49,Microscopic examination of specimen from female genital tract other microscopic examination 
91.51,Microscopic examination of specimen from musculoskeletal system and of joint fluid bacterial smear 
91.52,Microscopic examination of specimen from musculoskeletal system and of joint fluid culture 
91.53,Microscopic examination of specimen from musculoskeletal system and of joint fluid culture and sensitivity 
91.54,Microscopic examination of specimen from musculoskeletal system and of joint fluid parasitology 
91.55,Microscopic examination of specimen from musculoskeletal system and of joint fluid toxicology 
91.56,Microscopic examination of specimen from musculoskeletal system and of joint fluid cell block and papaniculaou smear 
91.59,Microscopic examination of specimen from musculoskeletal system and of joint fluid other microscopic examination 
91.61,Microscopic examination of specimen from skin and other integument bacterial smear 
91.62,Microscopic examination of specimen from skin and other integument bacterial smear 
91.63,Microscopic examination of specimen from skin and other integument culture and sensitivity 
91.64,Microscopic examination of specimen from skin and other integument parasitology 
91.65,Microscopic examination of specimen from skin and other integument toxicology 
91.66,Microscopic examination of specimen from skin and other integument cell block and papaniculaou smear 
91.69,Microscopic examination of specimen from skin and other integument other microscopic examination 
91.71,Microscopic examination of specimen from operative wound bacterial smear 
91.72,Microscopic examination of specimen from operative wound culture 
91.73,Microscopic examination of specimen from operative wound culture and sensitivity 
91.74,Microscopic examination of specimen from operative wound parasitology 
91.75,Microscopic examination of specimen from operative wound toxicology 
91.76,Microscopic examination of specimen from operative wound cell block and papaniculaou smear 
91.79,Microscopic examination of specimen from operative wound other microscopic examination 
91.81,Microscopic examination of specimen from other site bacterial smear 
91.82,Microscopic examination of specimen from other site culture 
91.83,Microscopic examination of specimen from other site culture and sensitivity 
91.84,Microscopic examination of specimen from other site parasitology 
91.85,Microscopic examination of specimen from other site toxicology 
91.86,Microscopic examination of specimen from other site cell block and papaniculaou smear 
91.89,Microscopic examination of specimen from other site other microscopic examination 
91.9,Other diagnostic procedures on lacrimal system 
91.91,Microscopic examination of specimen from unspecified bacterial smear 
91.92,Microscopic examination of specimen from unspecified culture 
91.93,Microscopic examination of specimen from unspecified culture and sensitivity 
91.94,Microscopic examination of specimen from unspecified parasitology 
91.95,Microscopic examination of specimen from unspecified toxicology 
91.96,Microscopic examination of specimen from unspecified cell block and papaniculaou smear 
91.99,Microscopic examination of specimen from unspecified other microscopic examination 
92,Excision of lacrinal gland NOS 
92.01,Thyroid scan and radioisotope function studies 
92.02,Liver scan and radioisotope function study 
92.03,Renal scan and radioisotope function study 
92.04,Gastrointestinal scan and radioisotope function study 
92.05,Cardiovascular and hematopoietic scan and radioisotope function study 
92.09,Other radioisotope function studies 
92.1,Excision of lesion of lactimal gland 
92.11,Cerebral scan 
92.12,Scan of other sites of head 
92.13,Parathyroid scan 
92.14,Bone scan 
92.15,Pulmonary scan 
92.16,Scan of lymphatic system 
92.17,Placental scan 
92.18,Total body scan 
92.19,Scan of other sites 
92.2,Other partial dacryoadenectomy 
92.2,Infusion of liquid brachytherapy radioisotope 
92.21,Superficial radiation contact radiation [up to 150 KVP] 
92.22,Orthovoltage radiation deep radiation [200-300 KVP] 
92.23,Radioisotopic teleradiotherapy 
92.24,Teleradiotherapy using photons 
92.25,Teleradiotherapy using electrons 
92.26,Teleradiotherapy of other particulate radiation 
92.27,Implantation or insertion of radioactive elements 
92.28,Injection or instillation of radioisotopes 
92.29,Other radiotherapeutic procedure 
92.3,Total dacryoadenectomy 
92.3,Stereotactic radiosurgery 
92.3,"Stereotactic radiosurgery, not otherwise specified "
92.31,Single source photon radiosurgery 
92.32,Multi-source photon radiosurgery 
92.33,Particulate radiosurgery 
92.39,"Stereotactic radiosugery, not elsewhere classified "
92.41,Intra-operative electron radiation therapy 
93,Other operations on lacrimal gland 
93.01,Functional evaluation 
93.02,Orthotic evaluation 
93.03,Prosthetic evaluation 
93.04,Manual testing of muscle function 
93.05,Range of motion testing 
93.06,Measurement of limb length 
93.07,Body measurement 
93.08,Electromyography 
93.09,Other diagnostic physical therapy procedure 
93.11,Assisting exercise 
93.12,Other active musculoskeletal exercise 
93.13,Resistive exercise 
93.14,Training in joint movements 
93.15,Mobilization of spine 
93.16,Mobilization of other joints 
93.17,Other passive musculoskeletal exercise 
93.18,Breathing exercise 
93.19,Exercise not elsewhere classified 
93.21,Manual and mechanical traction 
93.22,Ambulation and gait training 
93.23,Fitting of orthotic device 
93.24,Training in use of prosthetic or orthotic device 
93.25,Forced extension of limb 
93.26,Manual rupture of joint adhesions 
93.27,Stretching of muscle or tendon 
93.28,Stretching of fascia 
93.29,Other forcible correction of deformity 
93.31,Assisted exercise in pool 
93.32,Whirlpool treatment 
93.33,Other hydrotherapy 
93.34,Diathermy 
93.35,Other heat therapy Acupuncture with with smouldering moxa hot packs Hyperthermia NEC infrared irradiation moxibution paraffin bath 
93.36,Cardiac retraining 
93.37,Prenatal training 
93.38,Combined physical therapy without mention of the components 
93.39,Other physical therapy 
93.41,Spinal traction using skull device traction using: calliper tongs Crutchfield tongs halo device Vinke tongs 
93.42,Other spinal traction Cotrel's traction 
93.43,Intermittent skeletal traction 
93.44,Other skeletal traction Bryant's traction Dunlop's traction Lyman Smith traction Russell's traction 
93.45,Thomas' splint traction 
93.46,Other skin traction of limbs adhesive tape traction Boot traction Buck's traction Gallows traction 
93.51,Application of plaster jacket 
93.52,Application of neck support application of: cervical collar Minerva jacket molded neck support 
93.53,Application of other cast 
93.54,Application of splint plaster splint Tray splint 
93.55,Dental wiring 
93.56,Application of pressure dressing application of: Gibney bandage Robert Jones' bandage Shanz dressing 
93.57,Application of other wound dressing 
93.58,Application of pressure trousers application of: anti shock trousers vasopneumatic device 
93.59,Other immobilization pressure and attention to wound elastic stockings Electronic gaiter 
93.61,Osteopathic manipulative treatment for general mobilization general articulatory treatment 
93.62,Osteopathic manipulative treatment using high- velocity low amplitude forces Thrusting forces 
93.63,Osteopathic manipulative treatment using low- velocity high amplitude forces Springing forces 
93.64,Osteopathic manipulative treatment using isotonic isometric forces 
93.65,Osteopathic manipulative treatment using indirect forces 
93.66,Osteopathic manipulative treatment to move tissue fluids Lymphatic pump 
93.67,Other specified Osteopathic manipulative treatment 
93.71,Dyslexia training 
93.72,Dysphasia training 
93.73,Esophageal speech training 
93.74,Speech defect training 
93.75,Other speech training and therapy 
93.76,Training in use of lead dog for the blind 
93.77,Training in braille or Moon 
93.78,Other rehabilitation for the blind 
93.81,Recreation therapy diversional therapy play therapy 
93.82,Educational therapy Edication of bed-bound children special schooling for the handicapped 
93.83,Occupational therapy special daily liing therapy 
93.84,Music therapy 
93.85,Vocational rehabilitation 
93.89,Rehabilitation not elsewhere classified 
93.9,Continuous positive airway pressure [CPAP] 
93.91,Intermittent positive pressure breathing [IPPB] 
93.93,Nonmechanical methods of resuscitation artificial respiration manual resuscitation mouth-to-mouth resuscitation 
93.94,Respiratory medication administered by nebulizer mist therapy 
93.95,Hyperbaric oxygenation 
93.96,Other oxygen enrichment catalytic oxygen therapy cytoreductive effect oxygenators oxygen therapy 
93.97,Decompression chamber 
93.98,Other control of atmospheric pressure and composition 
93.99,Other respiratory procedures continous negative pressure ventilation postural drainage 
94.01,Administration of intelligence test 
94.02,Administration of psychologic test 
94.03,Character analysis 
94.08,Other psychologic evaluation and testing 
94.09,Psychologic mental status determination not otherwise specified 
94.1,Probing of lacrimal punctum 
94.11,Psychiatric mental status determination 
94.12,Routine psychiatric visit not otherwise specified 
94.13,Psychiatric commitment evaluation 
94.19,Other psychiatric interview and evaluation 
94.2,Probing of lacrimal canaliculi 
94.21,Narcoanalysis 
94.22,Lithium therapy 
94.23,Neuroleptic therapy 
94.24,Chemical shock therapy 
94.25,Other psychiatric drug therapy 
94.26,Subconvulsive electroshock therapy 
94.27,Other electroshock therapy electroconvulsive therapy (ECT) EST 
94.29,Other psychiatric somatotherapy 
94.3,Probing of nasolacrimal duct 
94.31,Psychoanalysis 
94.32,Hypnotherapy 
94.33,Behavior therapy 
94.34,Individual therapy for psychosexual dysfunction 
94.35,Crisis intervention 
94.36,Play psychotherapy 
94.37,Exploratory verbal psychotherapy 
94.38,Supportive verbal psychotherapy 
94.39,Other individual psychotherapy biofeedback 
94.4,Intubation of nasolacrimal duct 
94.41,Group therapy for psychosexual dysfunction 
94.42,Family therapy 
94.43,Psychodrama 
94.44,Other group therapy 
94.45,Drug addiction counselling 
94.46,Alcoholism counselling 
94.49,Other counselling 
94.51,Referral for psychotherapy 
94.52,Referral for psychiatric aftercare: 
94.53,Referral for alcoholism rehabilitation 
94.54,Referral for drug addiction rehabilitation 
94.55,Referral for vocational rehabilitation 
94.59,Referral for other psychologic rehabilitation 
94.61,Alcohol rehabilitation 
94.62,Alcohol detoxification 
94.63,Alcohol rehabilitation and detoxification 
94.64,Drug rehabilitation 
94.65,Drug detoxification 
94.66,Drug rehabilitation and detoxification 
94.67,Combined alcohol and drug rehabilitation 
94.68,Combined alcohol and drug detoxification 
94.69,Combined alcohol and drug rehabilitation and detoxification 
94.9,Other manipulation of lacrimal passage 
95.01,Limited eye examination eye examination with prescription of spectacles 
95.02,Comprehensive eye examination eye examination covering all aspects of the visual system 
95.03,Extended Ophthalmologic work-up examination for: glaucoma neuro-ophtalmology retinal diseases 
95.04,Eye examination under anesthesia 
95.05,Visual field study 
95.06,Color vision study 
95.07,Dark adaptation study 
95.09,Eye examination not otherwise specified 
95.1,Incision of lacrimal punctum 
95.11,Fundus photography 
95.12,Fluorescein angiography or angioscopy of eye 
95.13,Ultrasound study of eye 
95.14,X-ray study of eye 
95.15,Ocular motility study 
95.16,P32 and other tracer studies of eye 
95.2,Incision of lacrimal canaliculi 
95.21,Electroretinogram [ERG] 
95.22,Electro-oculogram [EOG] 
95.23,Visual evoked potential [VEP] 
95.24,Electronystagmogram [ENG) 
95.25,Electromyogram of eye [EfviGj 
95.26,Tonography provocative tests and other glaucoma testing 
95.3,Incision of lacrimal sac 
95.31,Fitting and dispensing of spectacles 
95.32,Prescription fitting and dispensing of contact lens 
95.33,Dispensing of other low vision aids 
95.34,Ocular prosthetics 
95.35,Orthoptic training 
95.36,Ophthalmologic counselling and instruction 
95.41,Audiometry 
95.42,Clinical test of hearing 
95.43,Audiological evaluation 
95.44,Clinical vestibular function tests 
95.45,Rotation tests 
95.46,Other auditory and vestibular function tests 
95.47,Hearing examination not otherwise specified 
95.48,Fitting of hearing aid 
95.49,Other nonoperative procedures related to hearing 
95.9,Other incision of lacrimal paasages 
96,Excision of lacrimal sac and passage 
96.01,Insertion of nasopharyngeal airway 
96.02,Insertion of oropharyngeal airway 
96.03,Insertion of esophageal obturator airway 
96.04,Insertion of endotracheal tube 
96.05,Other intubation of respiratory tract 
96.06,Insertion of Sengstaken tube 
96.07,Insertion of other (naso-)gastric tube 
96.08,Insertion of (naso-)intestinal tube 
96.09,Insertion of rectal tube 
96.11,Packing of external auditory canal 
96.14,Vaginal packing 
96.15,Insertion of vaginal mold 
96.16,Other vaginal dilation 
96.17,Insertion of vaginal diaphragm 
96.18,Insertion of other vaginal pessary 
96.19,Rectal packing 
96.21,Dilation of frontonasal duct 
96.22,Dilation of rectum 
96.23,Dilation of anal sphincter 
96.24,Dilation and manipulation of enterostomy stoma 
96.25,Therapeutic distention of bladder 
96.26,Manual reduction of rectal prolapse 
96.27,Manual reduction of hernia 
96.28,Manual reduction of enterostomy prolapse 
96.29,Reduction of intussusception of alimentary tract 
96.31,Gastric cooling 
96.32,Gastric freezing 
96.33,Gastric lavage 
96.34,Other irrigation of (naso-)gastric tube 
96.35,Gastric gavage 
96.36,Irrigation of gastrostomy or enterostomy 
96.37,Proctoclysis 
96.38,Removal of impacted feces by flushing manually 
96.39,Other transanal enema rectal irrigation 
96.41,Irrigation of cholecystostomy and other biliary tube 
96.42,Irrigation of pancreatic tube 
96.43,Digestive tract instillation except gastric gavage 
96.44,Vaginal douche 
96.45,Irrigation of nephrostomy and pyelostomy 
96.46,Irrigation of ureterostomy and ureteral catheter 
96.47,Irrigation of cystostomy 
96.48,Irrigation of other indwelling urinary catheter 
96.49,Other genitourinary instillation insertion of prostaglandin suppository 
96.51,Irrigation of eye 
96.52,Irrigation of ear 
96.53,Irrigation of nasal passages 
96.54,Dental scaling polishing and debridement 
96.55,Tracheostomy toilette 
96.56,Other lavage of bronchus and trachea 
96.57,Irrigation of vascular catheter 
96.58,Irrigation of wound catheter 
96.59,Other irrigation of wound wound cleaning NOS 
96.6,Enteral infusion of concentrated nutritional substances 
96.7,Continuous mechanical ventilation of unspecified duration mecahnical ventilation NOS 
96.71,Continuous mechanical ventilation for less than 96 consecutive hours 
96.72,Continuous mechanical ventilation for 96 consecutive hours or more 
97.01,Replacement of (naso-)gastric or esophagostomy tube 
97.02,Replacement of gastrostomy tube 
97.03,Replacement of tube or enterostomy device of small 
97.04,Replacement of tube or enterostomy device of large 
97.05,Replacement of stent (tube) in biliary or pancreatic duct 
97.1,Correction of everted punctum 
97.11,Replacement of cast on upper limb 
97.12,Replacement of cast on lower limb 
97.13,Replacement of other cast 
97.14,Replacement of other device for musculoskeletal immobilization 
97.15,Replacement of wound catheter 
97.16,Replacement of wound packing or drain 
97.2,Other repair of punctum 
97.21,Replacement of nasal packing 
97.22,Replacement of dental packing 
97.23,Replacement of tracheostomy tube 
97.24,Replacement and refitting of vaginal diaphragm 
97.25,Replacement of other vaginal pessary 
97.26,Replacement of vaginal or vulvar packing or drain 
97.29,Other nonoperative replacements 
97.3,Repair of canaliculus 
97.31,Removal of eye prosthesis 
97.32,Removal of nasal packing 
97.33,Removal of dental wiring 
97.34,Removal of dental packing 
97.35,Removal of dental prosthesis 
97.36,Removal of other external mandibular fixation device 
97.37,Removal of tracheostomy tube 
97.38,Removal of sutures from head and neck 
97.39,Removal of other therapeutic device from head and neck 
97.41,Removal of thoracotomy tube or pleural cavity drain 
97.42,Removal of mediastinal drain 
97.43,Removal of sutures from thorax 
97.44,Nonoperative removal of heart assist system 
97.49,Removal of other device from thorax 
97.51,Removal of gastrostomy tube 
97.52,Removal of tube from small intestine 
97.53,Removal of tube from large intestine or appendix 
97.54,Removal of cholecystostomy tube 
97.55,Removal of T-tube other bile duct tube or liver tube 
97.56,Removal of pancreatic tube or drain 
97.59,Removal of other device from digestive system 
97.61,Removal of pyelostomy and nephrostomy tube 
97.62,Removal of ureterostomy tube and ureteral catheter 
97.63,Removal of cystostomy tube 
97.64,Removal of other urinary drainage device 
97.65,Removal of urethral stent 
97.69,Removal of other device from urinary system 
97.71,Removal of intrauterine contraceptive device 
97.72,Removal of intrauterine pack 
97.73,Removal of vaginal diaphragm 
97.74,Removal of other vaginal pessary 
97.75,Removal of vaginal or vulvar packing 
97.79,Removal ot other device from genital tract 
97.81,Removal of retroperitoneal drainage device 
97.82,Removal of peritoneal drainage device 
97.83,Removal of abdominal wall sutures 
97.84,Removal of sutures from trunk not elsewhere classified 
97.85,Removal of packing from trunk not elsewhere classified 
97.86,Removal of other device from abdomen 
97.87,Removal of other device from trunk 
97.88,Removal of external immobilization device 
97.89,Removal of other therapeutic device 
98.01,Removal of intraluminal foreign body from mouth without incision 
98.02,Removal of intraluminal foreign body from esophagus without incision 
98.03,Removal of intraluminal foreign body from stomach and small intestine without incision 
98.04,Removal of intraluminal foreign body from large intestine without incision 
98.05,Removal of intraluminal foreign body from rectum and anus without incision 
98.1,Dacryocystorhinostomy 
98.11,Removal of intraluminal foreign body from ear without incision 
98.12,Removal of intraluminal foreign body from nose without incision 
98.13,Removal of intraluminal foreign body from pharynx without incision 
98.14,Removal of intraluminal foreign body from larynx without incision 
98.15,Removal of intraluminal foreign body from trachea and bronchus without incision 
98.16,Removal of intraluminal foreign body from uterus without incision 
98.17,Removal of intraluminal foreign body from vagina without incision 
98.18,Removal of intraluminal foreign body from artificial stoma without incision 
98.19,Removal of intraluminal foreign body from urethra without incision 
98.2,Conjuctivocystorhinostomy 
98.2,Removal of foreign body not otherwise specified 
98.2,"Removal of foreign body, not otherwise specified "
98.21,Removal of superficial foreign body from eye without incision 
98.22,Removal of other foreign body without incision from head and neck 
98.23,Removal of foreign body from vulva without incision 
98.24,Removal of foreign body from scrotum or penis without incision 
98.25,Removal of other foreign body without incision from trunk except scrotum penis or vulva 
98.26,Removal of foreign body from hand without incision 
98.27,Removal of foreign body without incision from upper limb except hand 
98.28,Removal of foreign body from foot without incision 
98.29,Removal of foreign body without incision from lower limb excapt foot 
98.3,Conjuctivocystorhinostomy with insertion of tube or stent 
98.51,Extracorporeal shockwave lithotripsy [ESWL] of the kidney ureter and or bladder 
98.52,Extracorporeal shockwave lithotripsy [ESWL] of the gallbladder and or bile duct 
98.59,Extracorporeal shockwave lithotripsy of other sites 
99,Perioperative autologous transfusion of whole blood or 
99,Perioperative autologous transfusion of whole blood or blood components 
99.01,Exchange transfusion 
99.02,Transfusion of previously collected autologous blood 
99.03,Other transfusion of whole blood Transfusion blood NOS Hemodilution 
99.04,Transfusion of packed cells 
99.05,Transfusion of platelets Transfusion of thrombocytes 
99.06,Transfusion of coagulation factors Transfusion of antihemophillic factor 
99.07,Transfusion of other serum Transfusion of plasma 
99.08,Transfusion of blood expander Transfusion of dextran 
99.09,Transfusion of other substance Transfusion of blood surrogate granulocytes 
99.1,Obliteration of lacrimal punctum 
99.1,Injection or infusion of therapeutic or prophylactic substance 
99.1,Injection or infusion of thrombolytic agent 
99.11,Injection of Rh immune globulin Injection of anti-D (rhesus) globulin Injection of RhoGAM 
99.12,Immunization for allergy Desensilization 
99.13,Immunization for autoimmune disease 
99.14,Injection of gamma globulin Injection on immune sera 
99.15,Parenteral infusion of concentrated nutritional substances Hyperalimentation Total parenteral nutrition (TPN) Peripheral parenteral nutrition (PPN) 
99.16,Injection of antidote Injection of antivenin Injection of heavy metal antagonist 
99.17,Injection of Insulin 
99.18,Injection or infusion of electrolytes 
99.19,Injection of anticoagulant 
99.2,Injection or infusion of platelet inhibitor 
99.21,Injection of antibiotic 
99.22,Injection of other anti-infective 
99.23,Injection of steroid Injection of cortisone Subdermal implantation of progesterone 
99.24,Injection of other hormone 
99.25,Injection or infusion of cancer chemotherapeutic substance Chermoembolization Injection ot infusion of antineoplastic agent 
99.26,Injection of tranquilizer 
99.27,Iontophoresis 
99.28,Injection or infusion of biological response modifier (BRM] as an antineoplastic agent Immunotherapy antineoplastic 
99.29,Injection or infusion of other therapeutic or prophylactic substance 
99.31,Vaccination against cholera 
99.32,Vaccination against typhoid and paratyphoid fever 
99.33,Vaccination against tuberculosis 
99.34,Vaccination against plague 
99.35,Vaccination against tularemia 
99.36,Administration of diphtheria toxoid 
99.37,Vaccination against pertussis 
99.38,Administration of tetanus toxoid 
99.39,Administration of diphtheria-tetanus- pertussis 
99.41,Administration of poliomyelitis vaccine 
99.42,Vaccination against smallpox 
99.43,Vaccination against yellow fever 
99.44,Vaccination against rabies 
99.45,Vaccination against measles 
99.46,Vaccination against mumps 
99.47,Vaccination against rubella 
99.48,Administration of measles-mumps-rubella vaccine 
99.51,Prophylactic vaccination against the common cold 
99.52,Prophylactic vaccination against influenza 
99.53,Prophylactic vaccination against arthropod- borne viral encephalitis 
99.54,Prophylactic vaccination against other arthropod-borne viral diseases 
99.55,Prophylactic administration of vaccine against other diseases Vaccination against anthrax bruceliosis rocky mountain spotted fever staphylococcus streptococcus thypus 
99.56,Administration of tetanus antitoxin 
99.57,Administration of botulism antitoxin 
99.58,Administration of other antitoxins Administration of diphtheria antitoxin gas gangrene antitoxin scarlet fever antitoxin 
99.59,Other vaccination and inoculation Vaccination NOS 
99.6,Cardiopulmonary resuscitation not otherwise specified 
99.61,Atrial cardioversion 
99.62,Other electric countershock of heart Cardioversion : NOS external Conversion to sinus rhythm Defibrillation External electrocode stimulation 
99.63,Closed chest cardiac massage Cardiac message NOS Manual external cardiac message 
99.64,Carotid sinus stimulation 
99.69,Other conversion of cardiac rhythm 
99.71,Therapeutic plasmapheresis 
99.72,Therapeutic leukopheresis Therapeutic leukocytapheresis 
99.73,Therapeutic erythrocytapheresis Therapeutic erythropheresis 
99.74,Therapeutic plateletpheresis 
99.75,Administration of neuroprotective agent 
99.76,Extracorporeal immunoadsorption 
99.77,Application or administration of adhesion barrier sucstance 
99.78,Aquapheresis 
99.79,Other Apheresis (harvest) of stem cells 
99.81,Hypothermia (central) (local) 
99.82,Ultraviolet light therapy Actinotherapy 
99.83,Other phototherapy Phototherapy of the newborn 
99.84,Isolation Isolation after contact with infection disease Protection of individual from his surroundings Protection surroundings fro individual 
99.85,Hyperthermia for treatment of cancer Hyperthermia (adjunct therapy) induced by microwave ultrasound low energy radio frequency probes (interstitial) or other means in the treatment of cancer 
99.86,Non-invasive placement of bone growth stimulator Transcutaneous (surface) placement of pads or patches for stimulation to aid bone healing 
99.88,Therapeutic photopheresis Extracorporeal photochemotherapy Extracorporeal photopheresis 
99.9,Other operations on conjunctiva 
99.91,Acupuncture for anesthesia 
99.92,Other acupuncture 
99.93,Rectal massage (for levator spasm) 
99.94,Prostatic massage 
99.95,Stretching of foreskin 
99.96,Collection of sperm for artificial Insemination 
99.97,Fitting of denture 
99.98,Extraction of milk from lactating breast 
99.99,Other 
